바코드,도서코드,도서명,저자,신간일,발행처,정가,총재고,본사재고,정품재고,반품재고
9788996146605,181400001,(절판)끄는부모 미는부모(개정판),허영림,20140904,글로벌콘텐츠출판그룹,13800,10,1,9,0
9788996146612,181400002,부부행복 클리닉,최강현,20140904,글로벌콘텐츠출판그룹,10800,246,5,241,0
9788996146636,181400003,초등영어 통합교과 지도방법,김영철,20140904,글로벌콘텐츠출판그룹,10000,166,3,163,0
9788996146643,181400004,FACETS 프로그램(기초과정:언어교육평가연구를 위한),"장소영,신동일",20140904,글로벌콘텐츠출판그룹,12000,226,6,220,0
9788996146650,181400005,미국영어 미국문화(광고로 배우는:언어와 문화),이성하,20140904,글로벌콘텐츠출판그룹,25000,471,4,465,2
9788996146667,181400006,비즈니스협상(영어로 배우는),"서승진,제임스홍",20140904,글로벌콘텐츠출판그룹,12800,352,5,347,0
9788996146674,181400007,교사중심의 제7차초등영어교육과정 심층분석,김영철,20140904,글로벌콘텐츠출판그룹,12000,279,3,276,0
9788993908039,181400008,Reading ＆ Listening 3(for iBT TOFEL),"김형엽,최형용",20140904,글로벌콘텐츠출판그룹,13000,1012,5,1007,0
9788993908046,181400009,Reading ＆ Listening 4(for iBT TOFEL),"김형엽,최형용",20140904,글로벌콘텐츠출판그룹,13000,1144,17,1126,1
9788993908015,181400010,Reading ＆ Listening 1(for iBT TOFEL),"김형엽,최형용",20140904,글로벌콘텐츠출판그룹,13000,1818,46,1772,0
9788993908022,181400011,Reading ＆ Listening 2(for iBT TOFEL),"김형엽,최형용",20140904,글로벌콘텐츠출판그룹,13000,905,15,890,0
9788993908053,181400012,영어로 배우는 성공적인 전시,"서승진,James Hong",20140904,글로벌콘텐츠출판그룹,12800,644,7,637,0
9788993908060,181400013,인류문명의 발자취,이미재,20140904,글로벌콘텐츠출판그룹,15000,530,3,527,0
9788993908077,181400014,어휘랑 시사랑(코리아헤럴드로 배우는),이상엽,20140904,글로벌콘텐츠출판그룹,12800,753,7,746,0
9788993908084,181400015,임계점을 넘어라,김학재,20140904,글로벌콘텐츠출판그룹,12000,19,4,15,0
9788993908091,181400016,다니엘의 핵심 영문법,Daaniel Young KIM,20140904,글로벌콘텐츠출판그룹,11000,181,8,173,0
9788993908107,181400017,Her 상상과 몽상의 경계에서,김의담 외,20140904,글로벌콘텐츠출판그룹,11000,1179,125,1054,0
9788993908114,181400018,노무현은 왜 검찰은 왜,박희준 이우승 외,20140904,글로벌콘텐츠출판그룹,13800,1366,4,1362,0
9788993908138,181400019,"인문학, 소통과 공생의 지혜",인하대학교 한국학연구소 편,20140904,글로벌콘텐츠출판그룹,9800,211,4,207,0
9788993908152,181400020,초등영어교수법(Teaching the English Language to~),김영태,20140904,글로벌콘텐츠출판그룹,13800,179,5,165,9
9788993908176,181400021,역사의 다리를 건너 영어를 만나다,이미재,20140904,글로벌콘텐츠출판그룹,15000,448,4,444,0
9788993908169,181400022,비즈니스 중국어(개정판),"박실상, 김광조",20140904,글로벌콘텐츠출판그룹,15000,88,5,83,0
9788993908220,181400023,MATTHEW＆ENGLISH(성경실용영어),한귀란,20140904,글로벌콘텐츠출판그룹,16500,256,2,254,0
9788993908237,181400024,영어구문의 이론과 실제,김용석,20140904,글로벌콘텐츠출판그룹,22000,214,0,214,0
9788993908251,181400025,거꾸로 키워지는 아이들,허영림,20140904,글로벌콘텐츠출판그룹,13800,459,10,448,1
9788993908268,181400026,초급 일본어로 자기소개하기,김태희,20140904,글로벌콘텐츠출판그룹,13800,811,0,809,2
9788993908275,181400027,다양한 주제를 통해 배우는 고급 러시아어,"박혜옥, P.A.Koulkova공저",20140904,글로벌콘텐츠출판그룹,12800,326,12,296,18
9788993908282,181400028,"우리 안의 타자, 동아시아",인하대학교 한국학연구소 편,20140904,글로벌콘텐츠출판그룹,11000,28,9,19,0
9788993908305,181400029,학생중심의 제7차 초등영어 교육과정 심층분석,김영철,20140904,글로벌콘텐츠출판그룹,8000,412,8,404,0
9788993908336,181400030,한국한문선독,임유경,20140904,글로벌콘텐츠출판그룹,8000,171,3,168,0
9788993908343,181400031,영어 강세의 이론과 실제,강용순,20140904,글로벌콘텐츠출판그룹,10000,302,3,299,0
9788993908374,181400032,제23판 듀이십진분류법,김연경,20140904,글로벌콘텐츠출판그룹,70000,10,0,10,0
9788993908367,181400033,기초 간체자 500,이종순,20140904,글로벌콘텐츠출판그룹,7000,297,6,290,1
9788993908381,181400034,Space Time and Life 2 (시공여인생),김정일,20140904,글로벌콘텐츠출판그룹,12000,368,7,361,0
9788993908350,181400035,강력 최소주의 이론,김용석,20140904,글로벌콘텐츠출판그룹,16000,370,3,367,0
9788993908404,181400036,우화로 배우는 재미있는 중국어(개정판),허종국,20140904,글로벌콘텐츠출판그룹,14000,50,1,47,2
9788993908411,181400037,최소주의 문법 Glossary,김용석,20140904,글로벌콘텐츠출판그룹,22000,119,3,116,0
9788993908428,181400038,초등학교 교실영어,김영철,20140904,글로벌콘텐츠출판그룹,12000,328,3,325,0
9788993908435,181400039,종합 시사 중국어,李祥耀 구문규,20140904,글로벌콘텐츠출판그룹,15000,372,6,366,0
9788993908459,181400040,세계도시 베이징의 공간기억과 문화재현,박정희,20140904,글로벌콘텐츠출판그룹,17000,130,7,123,0
9788993908466,181400041,생활일본어(실전에강해지는),홍두표,20140904,글로벌콘텐츠출판그룹,15000,7,4,2,1
9788993908473,181400042,새로운 문의 5형식,윤만근,20140904,글로벌콘텐츠출판그룹,15000,112,6,105,1
9788993908480,181400043,"종교 근본주의, 무엇이 문제인가",한귀란,20140904,글로벌콘텐츠출판그룹,15000,671,0,671,0
9788993908527,181400044,동아시아개항도시의형성과네트워크,인하대학교한국학연구소,20140904,글로벌콘텐츠출판그룹,24000,199,4,195,0
9788993908572,181400045,백제와 다무로였던 왜나라들,김영덕,20140904,글로벌콘텐츠출판그룹,13800,3,0,3,0
9788993908541,181400046,BIG 영어학개론,남기석,20140904,글로벌콘텐츠출판그룹,16000,48,2,41,5
9788993908558,181400047,언어의 탄생: 왜 인간만이 언어를 사용하는가? (언어교육1),김형엽,20140904,글로벌콘텐츠출판그룹,13800,54,4,47,3
9788993908602,181400048,대당서역기(실크로드고전여행기1),김규현,20140904,글로벌콘텐츠출판그룹,45000,146,2,142,2
9788993908619,181400049,왕오천축국전(실크로드고전여행기2),김규헌,20140904,글로벌콘텐츠출판그룹,20000,193,2,190,1
9788993908626,181400050,불국기(실크로드고전여행기3),김규현,20140904,글로벌콘텐츠출판그룹,19000,7,6,0,1
9788993908633,181400051,대당서역구법고승전(실크로드고전여행기4),김규현,20140904,글로벌콘텐츠출판그룹,14000,72,6,65,1
9788993908640,181400052,송운행기(실크로드고전여행기5),김규현,20140904,글로벌콘텐츠출판그룹,12000,121,2,118,1
9788993908596,181400053,실크로드 고전여행기 세트 (총5권),김규현,20140904,글로벌콘텐츠출판그룹,110000,1,0,0,1
9788993908664,181400054,근대문학 10강,임병권＆윤미란／구리야가와 하쿠손,20140904,글로벌콘텐츠출판그룹,25000,239,7,232,0
9788993908589,181400055,좋은 교사 되기,해리 왕＆로즈매리 왕／김기오＆김경,20140904,글로벌콘텐츠출판그룹,15000,1045,8,1037,0
9788993908657,181400056,아라의당구홀릭1,아라 ＆ 폴,20140904,글로벌콘텐츠출판그룹,12800,109,5,100,4
9788993908671,181400057,영어학개론 (BIG 시리즈 1),김형엽＆남기석,20140904,글로벌콘텐츠출판그룹,16000,262,2,260,0
9788993908688,181400058,소방호재여지총초(류구편),우경섭,20140904,글로벌콘텐츠출판그룹,19000,148,6,142,0
9788993908695,181400059,새로운 5형식 새로운 영문법,윤만근,20140904,글로벌콘텐츠출판그룹,20000,40,8,32,0
9788993908701,181400060,근대제국과 만난 인천: 충돌과 변화 (인문학시민강좌 03),인하대학교 한국학연구소,20140904,글로벌콘텐츠출판그룹,11000,39,3,36,0
9788993908725,181400061,언어 테스트의 구성과 평가 (언어교육2),J. 찰스 앨더슨 외／김창구＆이선진 옮김,20140904,글로벌콘텐츠출판그룹,16000,389,12,377,0
9791185650098,181400062,한월 사신 창화시문 (동아시아한국학 번역총서 1),인하대학교 한국학연구소,20140904,글로벌콘텐츠출판그룹,29000,326,2,322,2
9788993908770,181400063,아로마 탐험길: 개권일락,이동선,20140904,글로벌콘텐츠출판그룹,48000,218,5,213,0
9788993908787,181400064,다양한 주제를 통해 배우는 고급 러시아어 2,"백준현, P.A.Koulkova공저",20140904,글로벌콘텐츠출판그룹,13800,283,6,277,0
9788993908824,181400065,남명학의 현장 권1,오이환,20140904,글로벌콘텐츠출판그룹,28000,91,4,85,2
9788993908831,181400066,남명학의 현장 권2,오이환,20140904,글로벌콘텐츠출판그룹,28000,92,5,87,0
9788993908848,181400067,남명학의 현장 권3,오이환,20140904,글로벌콘텐츠출판그룹,28000,96,4,91,1
9788993908855,181400068,남명학의 현장 권4,오이환,20140904,글로벌콘텐츠출판그룹,28000,91,4,87,0
9788993908862,181400069,남명학의 현장 권5,오이환,20140904,글로벌콘텐츠출판그룹,28000,89,4,85,0
9788993908909,181400070,말하기 평가(언어교육03),김지홍,20140904,글로벌콘텐츠출판그룹,22000,289,5,281,3
9788993908718,181400071,제물포해전과 《바략》,V. I. 카타예프 저／신세라·정재호 역,20140904,글로벌콘텐츠출판그룹,24000,322,16,306,0
9791185650012,181400072,언어와 소통,권정기,20140904,글로벌콘텐츠출판그룹,16000,159,6,140,13
9788993908930,181400073,듣기 평가(언어교육05),개뤼 벅／김지홍,20140904,글로벌콘텐츠출판그룹,29000,386,7,378,1
9788993908916,181400074,아라의당구홀릭2,아라 ＆ 폴,20140904,글로벌콘텐츠출판그룹,12800,37,6,28,3
9788993908145,181400075,중급 러시아어:늪가의 작은 집,백준현,20140904,글로벌콘텐츠출판그룹,14000,39,6,33,0
9788993908923,181400076,듣기교육과 현장조사연구(언어교육4),미카엘 로스트／허선익,20140904,글로벌콘텐츠출판그룹,35000,437,4,430,3
9788993908954,181400077,러시아 몸짓 언어 사전,이희숙,20140904,글로벌콘텐츠출판그룹,15000,251,4,247,0
9788993908978,181400078,질적 연구의 이해와 접근,신규철,20140904,글로벌콘텐츠출판그룹,14000,328,5,323,0
9788993908329,181400079,독일문학사(개정),김성곤,20140904,글로벌콘텐츠출판그룹,13000,419,9,395,15
9788993908992,181400080,Lovely 중국어,김재민·鄭彦野,20140904,글로벌콘텐츠출판그룹,12000,330,19,307,4
9791185650029,181400081,20세기 중국문학의 시대정신,구문규,20140904,글로벌콘텐츠출판그룹,16000,405,4,400,1
9791185650050,181400082,중급 러시아어 2: 늪가의 작은 집(사라진 백신을 찾아서),백준현,20140904,글로벌콘텐츠출판그룹,15000,198,24,174,0
9791185650005,181400083,(절판)도서관 경영론,이종권 이종엽,20140904,글로벌콘텐츠출판그룹,23000,3,1,2,0
9788993908985,181400084,한국인의 정치의식과 도덕교육,이강빈,20140904,글로벌콘텐츠출판그룹,21000,328,4,323,1
9791185650036,181400085,오케스트라처럼 경영하라,서희태,20140904,글로벌콘텐츠출판그룹,13800,801,13,787,1
9791185650074,181400086,해외견문록 上,오이환,20140904,글로벌콘텐츠출판그룹,28000,265,23,242,0
9791185650081,181400087,해외견문록 下,오이환,20140904,글로벌콘텐츠출판그룹,28000,247,2,245,0
9791185650104,181400088,문학 속의 인천 인천의 문학 (인문학시민강좌 05),인하대학교 한국학연구소,20140904,글로벌콘텐츠출판그룹,11000,262,7,255,0
9791185650128,181400089,읽기교육과 현장조사연구(언어교육6),허선익／윌리엄그레이브.프레드리카L 스툴러,20140904,글로벌콘텐츠출판그룹,30000,258,5,252,1
9791195292004,181400090,백제와 다무로였던 왜나라들(일본어판),김영덕,20140904,글로벌콘텐츠출판그룹,5000,37,10,27,0
9791185650135,181400091,유학의 본질 남명학의 본질,김경수,20140904,글로벌콘텐츠출판그룹,16000,374,3,371,0
9791185650401,181400092,국토탐방 上(상권),오이환,20140904,글로벌콘텐츠출판그룹,27000,231,0,231,0
9791185650418,181400093,국토탐방 下(하권),오이환,20140904,글로벌콘텐츠출판그룹,28000,191,1,190,0
9791185650555,181400094,남명의 자취,이창호김경수,20140904,글로벌콘텐츠출판그룹,20000,117,3,114,0
9788995754238,181400095,생각습관(자녀의 미래를 바꾸는),권오준,20140904,글모아출판(글로벌콘텐츠),10000,689,6,683,0
9788995754245,181400096,(품절)위대한 어머니,류제봉,20140904,글모아출판(글로벌콘텐츠),12000,8,5,3,0
9788995754252,181400097,"뿌리, 그 자유의지",배광영,20140904,글모아출판(글로벌콘텐츠),16000,18,5,13,0
9788995754269,181400098,국어통어론,김승곤,20140904,글모아출판(글로벌콘텐츠),12000,252,5,247,0
9788995754283,181400099,흠정만주원류고 上,남주성 역,20140904,글모아출판(글로벌콘텐츠),36000,48,4,44,0
9788995754290,181400100,흠정만주원류고 下,남주성 역,20140904,글모아출판(글로벌콘텐츠),39000,71,2,69,0
9788994626017,181400101,가족-우리가족 뿌리를 찾아서,"이정선, 이훈재",20140904,글모아출판(글로벌콘텐츠),12000,38,3,35,0
9788994626000,181400102,문법적으로 쉽게 풀어 쓴 논어,김승곤,20140904,글모아출판(글로벌콘텐츠),22000,13,1,12,0
9788994626024,181400103,행동하는 선비 정신,이덕희,20140904,글모아출판(글로벌콘텐츠),15000,131,4,127,0
9788994626086,181400104,그해 여름의 낮과 밤,김상민,20140904,글모아출판(글로벌콘텐츠),18000,22,4,18,0
9788994626093,181400105,세상을 바꾸는 위인 그리고 명언,박정규,20140904,글모아출판(글로벌콘텐츠),20000,13,2,11,0
9788994626109,181400106,수천 년 지혜의 선물,박정규,20140904,글모아출판(글로벌콘텐츠),18000,217,3,214,0
9788994626130,181400107,문법적으로 쉽게 풀어 쓴 향가,김승곤,20140904,글모아출판(글로벌콘텐츠),8000,36,4,32,0
9788994626147,181400108,(절판)꼴망태,김시화,20140904,글모아출판(글로벌콘텐츠),15000,6,6,0,0
9788994626154,181400109,캐스터브리지의 시장,"토마스 하디 저, 김의락 옮김",20140904,글모아출판(글로벌콘텐츠),18000,159,5,154,0
9788994626161,181400110,한자가 한글인 만가지 이유,김진식,20140904,글모아출판(글로벌콘텐츠),18000,105,4,101,0
9788994626178,181400111,국어 조사의 어원과 변천 연구,김승곤,20140904,글모아출판(글로벌콘텐츠),18000,6,3,3,0
9788994626192,181400112,단군이 영어했다,문경주,20140904,글모아출판(글로벌콘텐츠),14500,197,3,192,2
9788995097939,181400113,(절판)영어독해교육(영어교육 전공교재),정길정;민찬규;연준흠,20140904,경진(글로벌콘텐츠)(도서출판),13000,2,2,0,0
9788995097946,181400114,(절판)생성문법론,김용석,20140904,경진(글로벌콘텐츠)(도서출판),10000,1,1,0,0
9788989191018,181400115,(절판)영어통사론,윤만근,20140904,경진(글로벌콘텐츠)(도서출판),13500,0,0,0,0
9788989191032,181400116,36일간의 영어여행,이두원,20140904,경진(글로벌콘텐츠)(도서출판),9500,41,2,39,0
9788989191049,181400117,영작중심의 생활영어,황해두,20140904,경진(글로벌콘텐츠)(도서출판),10000,37,4,32,1
9788989191056,181400118,(절판)영어와 한국어의 통사구조 연구,안희돈 원저;강명윤...[등]역,20140904,경진(글로벌콘텐츠)(도서출판),8500,4,4,0,0
9788989191070,181400119,(절판)지배결속이론,윤만근,20140904,경진(글로벌콘텐츠)(도서출판),29000,1,0,1,0
9788995097991,181400120,(절판)한국어 현상과 의미분석,신현숙,20140904,경진(글로벌콘텐츠)(도서출판),12000,1,1,0,0
9788989191100,181400121,변형과 제약,김용석,20140904,경진(글로벌콘텐츠)(도서출판),12000,38,1,37,0
9788989191148,181400122,(절판)문법을넘어서;확률기반의자연언어처리,이강혁 역,20140904,경진(글로벌콘텐츠)(도서출판),7500,0,0,0,0
9788989191186,181400123,Reading Master(리딩 마스터),신규철,20140904,경진(글로벌콘텐츠)(도서출판),7000,0,0,0,0
9788989191209,181400124,촘스키와의 대담:21세기 최소주의와 언어학,이선우 편역,20140904,경진(글로벌콘텐츠)(도서출판),7000,45,3,42,0
9788989191193,181400125,현대 통사론특강,김연승;홍성심;김양순,20140904,경진(글로벌콘텐츠)(도서출판),12000,28,3,25,0
9788989191216,181400126,(절판)영어교육 연구방법 : 이론과 실제,배두본;김영태;한상호,20140904,경진(글로벌콘텐츠)(도서출판),10000,3,3,0,0
9788989191247,181400127,(절판)마르스의 포옹,노혜옥,20140904,경진(글로벌콘텐츠)(도서출판),7000,4,4,0,0
9788989191285,181400128,(절판)대학 영작문,김우영,20140904,경진(글로벌콘텐츠)(도서출판),6500,1,1,0,0
9788989191292,181400129,단어이야기,이용성,20140904,경진(글로벌콘텐츠)(도서출판),18000,5,5,0,0
9788989191308,181400130,(절판)어머니,김의락 역,20140904,경진(글로벌콘텐츠)(도서출판),10000,1,1,0,0
9788989191377,181400131,러시아어 문법,"바바이쩨바, 체스노꼬바;이희숙",20140904,경진(글로벌콘텐츠)(도서출판),9000,26,25,1,0
9788989191353,181400132,영어 음운론; 최적성 이론적 분석,"Michael Hammond 저; 강용순, 이",20140904,경진(글로벌콘텐츠)(도서출판),19000,183,3,180,0
9788989191407,181400133,영어동사-의미와교체현상(인지문법에서본),이기동,20140904,경진(글로벌콘텐츠)(도서출판),32000,188,5,179,4
9788989191391,181400134,(절판)라이오니스로 떠나는 날에,백원기 편역,20140904,경진(글로벌콘텐츠)(도서출판),15000,3,3,0,0
9788989191414,181400135,(절판)나는 콩글리쉬 빠브다 1,정슬,20140904,경진(글로벌콘텐츠)(도서출판),10000,1,1,0,0
9788989191421,181400136,(절판)나는 콩글리쉬 빠브다 2,정슬,20140904,경진(글로벌콘텐츠)(도서출판),10000,1,1,0,0
9788989191483,181400137,우리말 알고 쓰기,김기혁 외,20140904,경진(글로벌콘텐츠)(도서출판),12000,48,5,42,1
9788989191513,181400138,한글 정서법의 실제와 원리,최병선,20140904,경진(글로벌콘텐츠)(도서출판),10000,14,5,9,0
9788989191544,181400139,TOEIC/TOEFL을 대비한 독해와 어휘연습,박기태,20140904,경진(글로벌콘텐츠)(도서출판),13000,39,1,38,0
9788989191520,181400140,(절판)TOEIC/TOEFL을 대비한 영어문법의 이해,박기태,20140904,경진(글로벌콘텐츠)(도서출판),12000,1,1,0,0
9788989191612,181400141,경필로 쓰는 아름다운 일본어 가나,"정상철, 겐코 히로아키",20140904,경진(글로벌콘텐츠)(도서출판),5000,119,119,0,0
9788989191575,181400142,(절판)뚱뚱한 아이,노혜옥 편,20140904,경진(글로벌콘텐츠)(도서출판),7000,5,5,0,0
9788989191636,181400143,한국어-스페인어 번역과 작문,심상완,20140904,경진(글로벌콘텐츠)(도서출판),15000,21,2,18,1
9788989191643,181400144,지시의존문법론,김용석,20140904,경진(글로벌콘텐츠)(도서출판),15000,3,3,0,0
9788989191742,181400145,영어와 한국어의 부정극어,이현우,20140904,경진(글로벌콘텐츠)(도서출판),8000,34,1,33,0
9788989191674,181400146,TOEIC 문법-이책만 보면 꽉 잡는다,김영일,20140904,경진(글로벌콘텐츠)(도서출판),8000,29,1,27,1
9788989191704,181400147,(절판)동사가 논리를 만날때...,"장근철, 박완순",20140904,경진(글로벌콘텐츠)(도서출판),9500,3,3,0,0
9788989191735,181400148,(절판)현대문법 이론과 그 실제,"권청자, 이원빈",20140904,경진(글로벌콘텐츠)(도서출판),15000,4,4,0,0
9788989191711,181400149,원거리교육과 언어학습,박경자,20140904,경진(글로벌콘텐츠)(도서출판),20000,3,3,0,0
9788989191759,181400150,(절판)TOEIC 단어-이책만 보면 꽉 잡는다,김영일,20140904,경진(글로벌콘텐츠)(도서출판),15000,2,2,0,0
9788989191766,181400151,(절판)TOEIC 숙어-이책만 보면 꽉 잡는다,김영일,20140904,경진(글로벌콘텐츠)(도서출판),10000,3,3,0,0
9788989191810,181400152,(절판)프랑스어 문법연습,김예숙,20140904,경진(글로벌콘텐츠)(도서출판),8500,7,7,0,0
9788989191834,181400153,영어의 통사구조와 생성문법,김용석,20140904,경진(글로벌콘텐츠)(도서출판),12000,3,3,0,0
9788989191933,181400154,(절판)중급 러시아어,백준현,20140904,경진(글로벌콘텐츠)(도서출판),12000,0,0,0,0
9788989191902,181400155,(절판)언어의 산책,"김형엽, 이현구, 오관영",20140904,경진(글로벌콘텐츠)(도서출판),12000,11,11,0,0
9788989191926,181400156,북한 언어문화의 이해,"조오현, 김용경, 김주미, 박동근",20140904,경진(글로벌콘텐츠)(도서출판),12000,3,2,1,0
9788989191896,181400157,(절판)시골집에 새가 있는 풍경,백원기,20140904,경진(글로벌콘텐츠)(도서출판),20000,0,0,0,0
9788989191940,181400158,(절판)수식언의 문법,임유종,20140904,경진(글로벌콘텐츠)(도서출판),10000,1,1,0,0
9788989191988,181400159,영문법 그까이거,이희주,20140904,경진(글로벌콘텐츠)(도서출판),13000,39,2,37,0
9788989191865,181400160,(절판)현대인의 바른국어생활,김주미,20140904,경진(글로벌콘텐츠)(도서출판),10000,1,1,0,0
9788959960026,181400161,토박이말 이름의 실태와 분석,조오현·김용경·박동근,20140904,경진(글로벌콘텐츠)(도서출판),18000,6,1,5,0
9788959960071,181400162,(절판)한국영어학습자들의 영어명사가산성습득,조숙희,20140904,경진(글로벌콘텐츠)(도서출판),9500,3,3,0,0
9788959960101,181400163,우리말 연구의 이론과 실제,최남희 외,20140904,경진(글로벌콘텐츠)(도서출판),20000,12,3,9,0
9788959960095,181400164,우리말 음운연구의 실제,최윤현 외,20140904,경진(글로벌콘텐츠)(도서출판),20000,8,2,6,0
9788959960156,181400165,설득의 방법과 실제,"고창운, 윤재연, 김신혜",20140904,경진(글로벌콘텐츠)(도서출판),10000,36,4,31,1
9788959960118,181400166,한글맞춤법 해설과 이해,고창운,20140904,경진(글로벌콘텐츠)(도서출판),10000,8,8,0,0
9788959960132,181400167,언어설계와 국면,"김양순, 김연승, 박연미, 서수현",20140904,경진(글로벌콘텐츠)(도서출판),10000,32,1,31,0
9788959960194,181400168,(절판)중앙어의 음운론적 변이양상,김선철,20140904,경진(글로벌콘텐츠)(도서출판),12000,1,1,0,0
9788959960163,181400169,국어통사론입문,고창운,20140904,경진(글로벌콘텐츠)(도서출판),10000,148,0,148,0
9788959960170,181400170,최소이론의 변천(개정판),윤만근,20140904,경진(글로벌콘텐츠)(도서출판),25000,2,1,1,0
9788959960019,181400171,English prepositions in cognitive grammar,Keedong Lee,20140904,경진(글로벌콘텐츠)(도서출판),32000,167,0,167,0
9788959960224,181400172,(품절)내러티브탐구방법의이해(영어교육현장연구를위한),"신동일,유주연",20140904,경진(글로벌콘텐츠)(도서출판),10000,2,2,0,0
9788959960231,181400173,(절판)눈으로 말해요,홍명옥,20140904,경진(글로벌콘텐츠)(도서출판),8000,4,4,0,0
9788959960217,181400174,자동화 영어학습법(한국인을 위한),신규철,20140904,경진(글로벌콘텐츠)(도서출판),10000,228,3,225,0
9788959960262,181400175,(절판)하고 싶은 말이 있군요,황효일,20140904,경진(글로벌콘텐츠)(도서출판),6000,2,2,0,0
9788959960279,181400176,관형격조사 ’의’의 통어적 의미분석,김승곤,20140904,경진(글로벌콘텐츠)(도서출판),12000,46,4,42,0
9788959960347,181400177,(절판)최소주의통사론이해,"최숙희,홍성심,김양순,김연승,박",20140904,경진(글로벌콘텐츠)(도서출판),15000,6,6,0,0
9788959960361,181400178,(절판)왜 Birthday Suit가 벌거벗은의 뜻일까?,김영일,20140904,경진(글로벌콘텐츠)(도서출판),10000,3,3,0,0
9788959960378,181400179,아무것도 아닌 영문법,이희주,20140904,경진(글로벌콘텐츠)(도서출판),10000,44,4,40,0
9788959960385,181400180,현대 영어통사론,김용석,20140904,경진(글로벌콘텐츠)(도서출판),13000,160,5,155,0
9788959960392,181400181,국제시사뉴스영어,최재오,20140904,경진(글로벌콘텐츠)(도서출판),12000,35,5,29,1
9788959960415,181400182,러시아어 어휘.관용 의미론,이희숙,20140904,경진(글로벌콘텐츠)(도서출판),10000,29,7,22,0
9788959960408,181400183,신 러시아가 뛴다,백주현,20140904,경진(글로벌콘텐츠)(도서출판),14000,18,6,12,0
9788959960484,181400184,국어음운학(국어교육을 위한),박종덕,20140904,경진(글로벌콘텐츠)(도서출판),14000,146,2,143,1
9788959960460,181400185,21세기 우리말 때매김연구,김승곤,20140904,경진(글로벌콘텐츠)(도서출판),12000,325,3,322,0
9788959960477,181400186,국어음운론의 해석,박종덕,20140904,경진(글로벌콘텐츠)(도서출판),15000,187,3,182,2
9788959960514,181400187,대화의 기법:이론과 실제(양장본),구현정,20140904,경진(글로벌콘텐츠)(도서출판),22000,410,18,379,13
9788959960521,181400188,문학비평의 이해와 활용,"이명재,오창은",20140904,경진(글로벌콘텐츠)(도서출판),19000,316,7,280,29
9788959960538,181400189,21세기 국어토씨연구,김승곤,20140904,경진(글로벌콘텐츠)(도서출판),28000,309,2,305,2
9788959960545,181400190,한국사회의 소수자들:결혼이민자 (구술생애사1),문화콘텐츠기술연구원 다문화콘텐츠연구사업단,20140904,경진(글로벌콘텐츠)(도서출판),12000,161,5,156,0
9788959960569,181400191,우리말의 형태와 의미,하치근,20140904,경진(글로벌콘텐츠)(도서출판),20000,9,1,8,0
9788959960576,181400192,일제강점기 교과서 정책과 조선어과교과서(국어교육사1,허재영,20140904,경진(글로벌콘텐츠)(도서출판),22000,106,5,101,0
9788959960583,181400193,바로잡기 우리말 101가지,나채운,20140904,경진(글로벌콘텐츠)(도서출판),12000,374,1,373,0
9788989191452,181400194,어린이 언어습득론(Second Language Acquisition In Childhood),정동빈,20140904,경진(글로벌콘텐츠)(도서출판),22000,6,6,0,0
9788959960590,181400195,(절판)21세기 우리말본연구,김승곤,20140904,경진(글로벌콘텐츠)(도서출판),39000,9,9,0,0
9788959960606,181400196,작물생육 모델링의 이론과 실제,임준택 외,20140904,경진(글로벌콘텐츠)(도서출판),25000,43,5,38,0
9788959960613,181400197,시문독본 (근대독본총서1),"구자황,문혜윤",20140904,경진(글로벌콘텐츠)(도서출판),17000,303,3,300,0
9788959960620,181400198,문예독본 (근대독본총서2),"구자황,문혜윤",20140904,경진(글로벌콘텐츠)(도서출판),17000,314,5,309,0
9788959960637,181400199,어린이독본 (근대독본총서3),"구자황,문혜윤",20140904,경진(글로벌콘텐츠)(도서출판),12000,303,4,299,0
9788959960644,181400200,언어사용 밑바닥에 깔린 원리(거시언어학1),"허어벗 클락,김지홍",20140904,경진(글로벌콘텐츠)(도서출판),34000,49,7,41,1
9788959960651,181400201,분석가의 공포,손종업,20140904,경진(글로벌콘텐츠)(도서출판),19000,310,15,295,0
9788959960712,181400202,(절판)독일문학사,김성곤,20140904,경진(글로벌콘텐츠)(도서출판),13000,15,12,3,0
9788959960699,181400203,청년 김현과 한국문학,임영봉,20140904,경진(글로벌콘텐츠)(도서출판),13000,346,3,343,0
9788959960743,181400204,"(절판)입말,그리고 담화 중심의 언어교육",김지홍 역,20140904,경진(글로벌콘텐츠)(도서출판),20000,4,4,0,0
9788959960705,181400205,일본어 가나(이야기로 연상하고 그림으로 외우는),김태희,20140904,경진(글로벌콘텐츠)(도서출판),7000,296,10,286,0
9788959960750,181400206,(절판)언어의 심층과 언어교육,김지홍,20140904,경진(글로벌콘텐츠)(도서출판),16000,8,7,1,0
9788959960798,181400207,국어 통사ㆍ의미론의 몇 측면,김지홍,20140904,경진(글로벌콘텐츠)(도서출판),28000,128,6,74,48
9788959960729,181400208,훈민정음(한글) 창제와 연구사,강신항,20140904,경진(글로벌콘텐츠)(도서출판),14000,176,5,170,1
9788959960682,181400209,(절판)샤방샤방 Lovely 중국어,김재민 외,20140904,경진(글로벌콘텐츠)(도서출판),12000,13,11,2,0
9788959960507,181400210,Deutsch Eins Fur studenten(3쇄~),노혜옥 외 2명,20140904,경진(글로벌콘텐츠)(도서출판),12800,153,7,146,0
9788959960774,181400211,"추억의 시,여행에서 만나다",양병호 외,20140904,경진(글로벌콘텐츠)(도서출판),15000,1191,11,1180,0
9788959960767,181400212,국어과 교육과정 평가,이창수,20140904,경진(글로벌콘텐츠)(도서출판),19000,163,8,155,0
9788959960668,181400213,북한시의 사적 전개과정,오성호,20140904,경진(글로벌콘텐츠)(도서출판),17000,218,6,212,0
9788959960736,181400214,서덕출 전집,한정호,20140904,경진(글로벌콘텐츠)(도서출판),14000,277,4,273,0
9788959960828,181400215,다문화주의(인문학을 통한 다문화주의의 비판적 해석),"안드레아 셈프리니 저／이산호,김휘택 역",20140904,경진(글로벌콘텐츠)(도서출판),10000,9,7,2,0
9788959960811,181400216,새로운 국어사 연구론,전정예 외,20140904,경진(글로벌콘텐츠)(도서출판),30000,291,3,288,0
9788959960842,181400217,몽골에서 보낸 네 철,박태일,20140904,경진(글로벌콘텐츠)(도서출판),18000,27,2,25,0
9788959960859,181400218,반도가 국호인가?,이상도,20140904,경진(글로벌콘텐츠)(도서출판),20000,5,5,0,0
9788959960804,181400219,우리말 파생형태론,하치근,20140904,경진(글로벌콘텐츠)(도서출판),30000,116,5,111,0
9788959960866,181400220,통감시대 어문 교육과 교과서 침탈의 역사(국어교육사2,허재영,20140904,경진(글로벌콘텐츠)(도서출판),23000,193,4,189,0
9788959960873,181400221,언어학 특강(개정판),전정예,20140904,경진(글로벌콘텐츠)(도서출판),12800,30,0,27,3
9788959960903,181400222,교양과 계몽 : 1 인문사회계열 글읽기,중앙대학교 교양학부 글쓰기교육위원회,20140904,경진(글로벌콘텐츠)(도서출판),9000,186,3,183,0
9788959960927,181400223,과학기술과 윤리: 2 자연공학계열 글읽기,중앙대학교 교양학부 글쓰기교육위원회,20140904,경진(글로벌콘텐츠)(도서출판),8000,74,3,71,0
9788959960910,181400224,미의식과 인간: 3 예체능계열 글읽기,중앙대학교 교양학부 글쓰기교육위원회,20140904,경진(글로벌콘텐츠)(도서출판),8000,45,3,42,0
9788959960965,181400225,파란과 곡절 그리고 희망(구술생애사3),이춘복,20140904,경진(글로벌콘텐츠)(도서출판),12000,217,4,212,1
9788959960934,181400226,다문화주의의 이론과 실제(다문화총서2),문화콘텐츠기술연구원 다문화콘텐츠연구사업단,20140904,경진(글로벌콘텐츠)(도서출판),19000,44,2,41,1
9788959960958,181400227,북한 문학예술의 장르론적 이해 (북한문학예술1),한국문화기술연구소 편,20140904,경진(글로벌콘텐츠)(도서출판),16000,346,4,342,0
9788959961009,181400228,지혜:지혜로운 인간의 세 가지 조건,원명수,20140904,경진(글로벌콘텐츠)(도서출판),15000,126,5,121,0
9788959961016,181400229,근대 동아시아인의 이산과 정착,중국해양대학교 해외한국학 중핵대학 사업단 편,20140904,경진(글로벌콘텐츠)(도서출판),23000,148,8,140,0
9788959961023,181400230,벼리 한국어 회화(초급) 1,나찬연,20140904,경진(글로벌콘텐츠)(도서출판),13800,91,10,79,2
9788959961030,181400231,벼리 한국어 회화(초급) 2,나찬연,20140904,경진(글로벌콘텐츠)(도서출판),12000,191,6,185,0
9788959961061,181400232,자기표현과 글쓰기(지식기반사회의) (개정판),자기표현과글쓰기 편찬위원회,20140904,경진(글로벌콘텐츠)(도서출판),15000,480,11,462,7
9788959961078,181400233,지역문학의 이랑과 고랑,한정호,20140904,경진(글로벌콘텐츠)(도서출판),21000,310,3,307,0
9788959961047,181400234,벼리 한국어 읽기(초급) 1,나찬연,20140904,경진(글로벌콘텐츠)(도서출판),13800,85,4,68,13
9788959961054,181400235,벼리 한국어 읽기(초급) 2,나찬연,20140904,경진(글로벌콘텐츠)(도서출판),13800,108,16,92,0
9788959961085,181400236,고조선 문자,허대동,20140904,경진(글로벌콘텐츠)(도서출판),14500,48,4,42,2
9788959961122,181400237,한국어 통사론의 전망,김용하 외,20140904,경진(글로벌콘텐츠)(도서출판),42000,272,6,266,0
9788959961115,181400238,(구간)중세 국어 문법의 이해(문제편),나찬연 외,20140904,경진(글로벌콘텐츠)(도서출판),16000,13,13,0,0
9788959961139,181400239,통감시대 교과서 자료(전8권세트),허재영 엮음,20140904,경진(글로벌콘텐츠)(도서출판),380000,6,1,4,1
9788959961238,181400240,주체의 환영 (북한문학예술2),단국대학교 부설 한국문화기술연구소,20140904,경진(글로벌콘텐츠)(도서출판),13000,326,5,321,0
9788959961221,181400241,(절판)소통 불통 먹통,구현정,20140904,경진(글로벌콘텐츠)(도서출판),15000,1,1,0,0
9788959961245,181400242,파성 설창수 문학의 이해,"김봉희,문옥영,박태일,유경아,이순욱,한정호",20140904,경진(글로벌콘텐츠)(도서출판),18000,197,2,195,0
9788959961344,181400243,(개정판)21세기 우리말본 연구,김승곤,20140904,경진(글로벌콘텐츠)(도서출판),34000,6,2,4,0
9788959961092,181400244,한글 고문서 연구,이상규,20140904,경진(글로벌콘텐츠)(도서출판),85000,374,3,370,1
9788959961368,181400245,이십세기 청년독본 (근대독본총서4),"구자황, 문혜윤",20140904,경진(글로벌콘텐츠)(도서출판),8000,174,3,169,2
9788959961375,181400246,중등조선어작문 (근대독본총서5),"구자황, 문혜윤",20140904,경진(글로벌콘텐츠)(도서출판),15000,169,3,166,0
9788959961382,181400247,조선어작문학습서 (근대독본총서6),"구자황, 문혜윤",20140904,경진(글로벌콘텐츠)(도서출판),8000,165,3,162,0
9788959961399,181400248,시문편지투 (근대독본총서7),"구자황, 문혜윤",20140904,경진(글로벌콘텐츠)(도서출판),15000,165,3,162,0
9788959961269,181400249,이야기의 힘과 근대 미달의 양식 (북조선문학연구1),남원진,20140904,경진(글로벌콘텐츠)(도서출판),36000,206,3,203,0
9788959961276,181400250,북조선 문학론 (북조선문학연구2),남원진,20140904,경진(글로벌콘텐츠)(도서출판),33000,173,3,170,0
9788959961405,181400251,박재삼 시의 상상력과 동일성의 시학,정영애,20140904,경진(글로벌콘텐츠)(도서출판),15000,307,5,302,0
9788959961313,181400252,일제강점기어문정책과어문생활,허재영,20140904,경진(글로벌콘텐츠)(도서출판),24000,191,2,189,0
9788959961320,181400253,(품절)조선교육령과교육정책변화자료,허재영,20140904,경진(글로벌콘텐츠)(도서출판),39000,1,0,1,0
9788959961337,181400254,일본어보급및조선어정책자료(일제강점기어문정책과어문생활3),허재영,20140904,경진(글로벌콘텐츠)(도서출판),39000,13,4,9,0
9788959961412,181400255,"귀환과 전쟁, 그리고 근대 동아시아인의 삶",중국해양대학교 해외한국학 중핵대학 사업단,20140904,경진(글로벌콘텐츠)(도서출판),23000,130,2,128,0
9788959961429,181400256,문예교육콘텐츠 창작론,김영도,20140904,경진(글로벌콘텐츠)(도서출판),15000,145,3,142,0
9788959961436,181400257,언어와 권력(거시언어학3),김지홍 뒤침／노먼 페어클럽 지음,20140904,경진(글로벌콘텐츠)(도서출판),27000,113,7,106,0
9788959961474,181400258,(절판)제2판 중세 국어 문법의 이해(문제편),나찬연 외,20140904,경진(글로벌콘텐츠)(도서출판),17000,31,31,0,0
9788959960880,181400259,언어이야기(개정판),김기혁.최상진.김진해.방성원.홍윤기,20140904,경진(글로벌콘텐츠)(도서출판),15000,167,6,142,19
9788959961450,181400260,을병연행록 1,홍대용／정훈식,20140904,경진(글로벌콘텐츠)(도서출판),27000,2,2,0,0
9788959961467,181400261,을병연행록 2,홍대용／정훈식,20140904,경진(글로벌콘텐츠)(도서출판),24000,6,4,2,0
9788959961504,181400262,사회 과정 중심 글쓰기:작문교육패러다임의전환,브루스 맥코미스키/김미란,20140904,경진(글로벌콘텐츠)(도서출판),12000,174,5,166,3
9788959961498,181400263,국어의 부정극어,구종남,20140904,경진(글로벌콘텐츠)(도서출판),12000,298,6,292,0
9788959961528,181400264,제3판 중세 국어 문법의 이해(문제편),나찬연 외,20140904,경진(글로벌콘텐츠)(도서출판),17000,89,5,84,0
9788959961573,181400265,국민소학독본(한국개화기국어교과서1),강진호 편역,20140904,경진(글로벌콘텐츠)(도서출판),19000,47,3,43,1
9788959961597,181400266,신정심상소학(한국개화기국어교과서3),구자황 편역,20140904,경진(글로벌콘텐츠)(도서출판),31000,76,1,75,0
9788959961535,181400267,최신초등소학(한국개화기교과서10),"이승윤,김준현",20140904,경진(글로벌콘텐츠)(도서출판),31000,86,3,83,0
9788959961603,181400268,유년필독(한국개화기국어교과서4),이정찬 편역,20140904,경진(글로벌콘텐츠)(도서출판),30000,75,3,72,0
9788959961290,181400269,통일문화사대계1(북한문학예술3),단국대학교 부설 한국문화기술연구소,20140904,경진(글로벌콘텐츠)(도서출판),25000,351,5,346,0
9788959961542,181400270,대학인의글쓰기,김정남,20140904,경진(글로벌콘텐츠)(도서출판),15000,480,10,397,73
9788959961610,181400271,초등여학독본(한국개화기국어교과서5),박선영 편역,20140904,경진(글로벌콘텐츠)(도서출판),13000,85,4,81,0
9788959961627,181400272,노동야학독본(한국개화기국어교과서6),조윤정 편역,20140904,경진(글로벌콘텐츠)(도서출판),16000,62,4,58,0
9788959961634,181400273,초등소학(상)(한국개화기국어교과서7),"박치범,박수빈",20140904,경진(글로벌콘텐츠)(도서출판),24000,96,4,92,0
9788959961641,181400274,초등소학(하)(한국개화기국어교과서7),"박치범,박수빈",20140904,경진(글로벌콘텐츠)(도서출판),29000,99,4,94,1
9788959961658,181400275,초목필지(한국개화기국어교과서8),"이상혁,권희주",20140904,경진(글로벌콘텐츠)(도서출판),22000,87,3,84,0
9788959961665,181400276,고등소학독본(한국개화기국어교과서9),김찬기,20140904,경진(글로벌콘텐츠)(도서출판),22000,90,3,87,0
9788959961566,181400277,다문화주의(국가정체성과문화정체성의갈등과인정의방식),"Patrick SAVIDAN,이산호,김휘택",20140904,경진(글로벌콘텐츠)(도서출판),10000,192,6,186,0
9788959961672,181400278,보통학교학도용국어독본(상)(한국개화기교과서11),"김혜련,장영미",20140904,경진(글로벌콘텐츠)(도서출판),34000,83,3,80,0
9788959961689,181400279,보통학교학도용국어독본(하)(한국개화기교과서11),"김혜련,장영미",20140904,경진(글로벌콘텐츠)(도서출판),28000,86,3,83,0
9788959961696,181400280,신찬초등소학(상)(한국개화기국어교과서12),"박민영,최석재",20140904,경진(글로벌콘텐츠)(도서출판),29000,91,4,86,1
9788959961702,181400281,신찬초등소학(하)(한국개화기국어교과서12),"박민영,최석재",20140904,경진(글로벌콘텐츠)(도서출판),36000,94,3,91,0
9788959961719,181400282,여자독본(한국개화기국어교과서13),문혜윤,20140904,경진(글로벌콘텐츠)(도서출판),29000,50,3,47,0
9788959961733,181400283,"입말,그리고담화중심의언어교육(개정판)","김지홍역, 마이클 머카씨",20140904,경진(글로벌콘텐츠)(도서출판),22000,1,1,0,0
9788959961740,181400284,양귀비가 마약중독의 원료이듯(남북문학연구),남원진,20140904,경진(글로벌콘텐츠)(도서출판),26000,417,6,411,0
9788959961726,181400285,부유독습(한국개화기국어교과서14),강영미,20140904,경진(글로벌콘텐츠)(도서출판),31000,77,2,75,0
9788959961788,181400286,한국 근대 소년문예운동사,최명표,20140904,경진(글로벌콘텐츠)(도서출판),20000,322,6,314,2
9788959961795,181400287,오규원 시의 자연 인식과 현대성의 경험,조동범,20140904,경진(글로벌콘텐츠)(도서출판),15000,352,10,342,0
9788959961818,181400288,미디어 언어의 텍스트화용론,이성만,20140904,경진(글로벌콘텐츠)(도서출판),25000,120,5,115,0
9788959961863,181400289,사할린 한인 공노원 구술생애사,박경하,20140904,경진(글로벌콘텐츠)(도서출판),12800,294,5,289,0
9788959961580,181400290,소학독본(한국개화기국어교과서2),유임하 편역,20140904,경진(글로벌콘텐츠)(도서출판),12000,48,5,43,0
9788959961832,181400291,한국영화의 존재방식과 광학적 무의식,박명진,20140904,경진(글로벌콘텐츠)(도서출판),17000,247,8,239,0
9788959961856,181400292,동서양 역사 속 다문화적 전개 양상(다문화총서4),문화콘텐츠기술연구원 다문화콘텐츠연구사업단,20140904,경진(글로벌콘텐츠)(도서출판),20000,185,6,176,3
9788959961887,181400293,문명의 충격과 근대 동아시아의 전환,중국해양대학교 해외한국학 중핵대학사업단,20140904,경진(글로벌콘텐츠)(도서출판),18000,217,3,214,0
9788959961894,181400294,담화 분석 방법(analysing discourse)(거시언어학4),노먼페어클럽／김지홍 역,20140904,경진(글로벌콘텐츠)(도서출판),36000,247,3,244,0
9788959961870,181400295,국어교육을 위한 말하기의 기본개념,허선익,20140904,경진(글로벌콘텐츠)(도서출판),20000,342,4,337,1
9788959961917,181400296,주시경 문법의 형성론,최낙복,20140904,경진(글로벌콘텐츠)(도서출판),19000,384,6,378,0
9788959961924,181400297,고조선 문자 2,허대동,20140904,경진(글로벌콘텐츠)(도서출판),14000,6,5,1,0
9788959961825,181400298,한국개화기 국어교과서 (전17권세트),한국개화기 국어교과서 편찬위원회,20140904,경진(글로벌콘텐츠)(도서출판),436000,78,2,76,0
9788959961931,181400299,무궁화(근포 조순규 시조 전집),박태일,20140904,경진(글로벌콘텐츠)(도서출판),14000,379,11,368,0
9788959961948,181400300,소년소설육인집,박태일,20140904,경진(글로벌콘텐츠)(도서출판),13000,290,7,283,0
9788959961955,181400301,(개정판)소통 불통 먹통,구현정,20140904,경진(글로벌콘텐츠)(도서출판),15000,246,8,232,6
9788959961900,181400302,조선통신사의길에서오늘을묻다(조선통신사국내노정답사기),한태문,20140904,경진(글로벌콘텐츠)(도서출판),22000,394,6,387,1
9788959961962,181400303,보조용언의 의미와 문법,구종남,20140904,경진(글로벌콘텐츠)(도서출판),16000,289,7,282,0
9788959962099,181400304,"(한설야 문학연구) 한설야의 욕망, 칼날 위에 춤추다",남원진,20140904,경진(글로벌콘텐츠)(도서출판),25000,332,4,328,0
9788959962136,181400305,독습 일어잡지,허재영,20140904,경진(글로벌콘텐츠)(도서출판),32000,274,12,262,0
9788959962143,181400306,이과서·농업서,허재영,20140904,경진(글로벌콘텐츠)(도서출판),36000,276,12,263,1
9788959962150,181400307,경찰학·주해 형법전서,허재영,20140904,경진(글로벌콘텐츠)(도서출판),41000,263,12,251,0
9788959962105,181400308,한글 고목과 배자,이상규,20140904,경진(글로벌콘텐츠)(도서출판),23000,454,7,447,0
9788959962167,181400309,국어과 교재 이해와 교과서의 역사(국어교육사3),허재영,20140904,경진(글로벌콘텐츠)(도서출판),22000,207,15,192,0
9788959962181,181400310,선전과 교양: 북한의 문예교육 (북한문학예술4),단국대학교 부설 한국문화기술연구소 역,20140904,경진(글로벌콘텐츠)(도서출판),17000,384,1,383,0
9788959962204,181400311,인문학과 글쓰기 역량: 감성 창의 소통 직무,임춘택,20140904,경진(글로벌콘텐츠)(도서출판),13000,300,4,295,1
9788959962358,181400312,빅토리아시대의사회계급과욕망,권정기,20140904,경진(글로벌콘텐츠)(도서출판),13000,216,4,212,0
9788959962327,181400313,이데올로기의 꽃: 북한문예와 북한체제(북한문학예술5),단국대학교 부설 한국문화기술연구소,20140904,경진(글로벌콘텐츠)(도서출판),22000,300,2,298,0
9788959962310,181400314,언어의 심층과 언어교육(2판),김지홍,20140904,경진(글로벌콘텐츠)(도서출판),15000,408,2,406,0
9788959961481,181400315,글쓰기 이론과 실제,원광대＜글쓰기 이론과 실제＞ 교재 편찬위원회,20140904,경진(글로벌콘텐츠)(도서출판),10000,202,8,194,0
9788959962341,181400316,직무적성의 이해,남재걸＆고희정＆김경남,20140904,경진(글로벌콘텐츠)(도서출판),12000,31,3,28,0
9788959962334,181400317,중국에서의 조선족 문학,중국해양대학교 해외한국학 중핵대학 사업단,20140904,경진(글로벌콘텐츠)(도서출판),16000,316,2,314,0
9788959962587,181400318,해양과 동아시아의 문화교류,중국해양대학교 해외한국학 중핵대학 사업단,20140904,경진(글로벌콘텐츠)(도서출판),28000,293,2,291,0
9788959962594,181400319,한국문학 속의 중국 담론,중국해양대학교 해외한국학 중핵대학 사업단,20140904,경진(글로벌콘텐츠)(도서출판),25000,288,2,286,0
9788959962303,181400320,여진어와 문자,이상규,20140904,경진(글로벌콘텐츠)(도서출판),35000,280,2,278,0
9788959962570,181400321,국어교육과 단락: 단락 중심의 국어교육 실천사례 연구,서종훈,20140904,경진(글로벌콘텐츠)(도서출판),22000,267,0,266,1
9788959962563,181400322,3대세습과청년지도자의발걸음,남북문학예술연구회,20140904,경진(글로벌콘텐츠)(도서출판),23000,351,3,348,0
9788959962624,181400323,한국어 조사의 분포와 통합체계,김용하,20140904,경진(글로벌콘텐츠)(도서출판),14000,285,12,273,0
9788959962600,181400324,진주성 촉석루의 숨은 내력,하강진,20140904,경진(글로벌콘텐츠)(도서출판),30000,113,3,110,0
9788959962617,181400325,(품절)근대 국어 교과서를 읽는다,강진호.구자황.김혜련 외,20140904,경진(글로벌콘텐츠)(도서출판),26000,12,0,12,0
9788959961306,181400326,일제강점기 어문 정책과 어문 생활 세트(전3권),허재영,20140904,경진(글로벌콘텐츠)(도서출판),102000,1,0,0,1
9788995818923,181400327,쉽게 배우는 일본어2,"성해준,감영희",20140904,세림출판(글로벌콘텐츠),10000,221,11,210,0
9788995818961,181400328,서비스학개론,조영대,20140904,세림출판(글로벌콘텐츠),20000,480,10,470,0
9788995818992,181400329,여가학의 이해,고동우,20140904,세림출판(글로벌콘텐츠),18000,463,3,460,0
9788995818978,181400330,컨벤션 투어리즘(Convention Tourism),"공역: 서승진,황희곤,윤은주,고",20140904,세림출판(글로벌콘텐츠),15000,629,3,626,0
9788992576024,181400331,카지노 실무日本語,"육풍림,강만호",20140904,세림출판(글로벌콘텐츠),10000,144,7,137,0
9788992576000,181400332,대학日本語(재미있는),"성해준,감영희",20140904,세림출판(글로벌콘텐츠),10000,272,6,266,0
9788995818985,181400333,컨벤션영어(컨벤션기획/운영 실무자들을 위한),"서승진,윤은주",20140904,세림출판(글로벌콘텐츠),18000,83,2,81,0
9788992576062,181400334,한우리공동선,글쓴이: 서영훈;엮은이: 한우리,20140904,세림출판(글로벌콘텐츠),12900,147,5,142,0
9788992576086,181400335,영어로 말하기(주요패턴을 이용한),조복자,20140904,세림출판(글로벌콘텐츠),10000,29,8,21,0
9788992576109,181400336,컨벤션산업론(컨벤션기획/운영 실무자들을 위한),"서승진,윤은주",20140904,세림출판(글로벌콘텐츠),18000,578,7,551,20
9788992576079,181400337,레저스포츠관광론,고태규,20140904,세림출판(글로벌콘텐츠),16000,130,5,125,0
9788992576130,181400338,통일관광의 이슈관리,노영만,20140904,세림출판(글로벌콘텐츠),12000,371,4,367,0
9788992576154,181400339,Essay writing step by step (Starter),written by Young Woo Park,20140904,세림출판(글로벌콘텐츠),12000,248,6,242,0
9788992576192,181400340,한우리공동선(개정판),서영훈,20140904,세림출판(글로벌콘텐츠),8000,152,6,146,0
9788992576215,181400341,장 모네 회고록(유럽통합의 아버지),"박제훈, 옥우석",20140904,세림출판(글로벌콘텐츠),27000,445,4,441,0
9788992576208,181400342,"JLPT 핵심문법(일본어능력시험대비-1,2급 )",안영숙,20140904,세림출판(글로벌콘텐츠),15000,64,64,0,0
9788992576222,181400343,최신 관광법규,김정승,20140904,세림출판(글로벌콘텐츠),17000,23,8,15,0
9788992576260,181400344,컨벤션기획사2급(필기편),한국컨벤션전시산업연구원,20140904,세림출판(글로벌콘텐츠),22000,38,17,21,0
9788992576277,181400345,컨벤션기획사2급(실기편),한국컨벤션전시산업연구원,20140904,세림출판(글로벌콘텐츠),18000,9,4,3,2
9788992576291,181400346,MICE산업 대한민국의 미래입니다,"황희곤,윤은주",20140904,세림출판(글로벌콘텐츠),20000,13,6,4,3
9788992576284,181400347,사례 중심의 MICE 기획과 운영,"박의서,오성환",20140904,세림출판(글로벌콘텐츠),22000,152,5,147,0
9788992576253,181400348,최신항공사기내방송과발음교정(스튜어디스면접을위한,박주연,20140904,세림출판(글로벌콘텐츠),15000,6,5,1,0
9788992576161,181400349,항공기 기내업무(개정),김은희,20140904,세림출판(글로벌콘텐츠),10000,16,5,11,0
9788992576338,181400350,PCMA의 전략적 MICE 경영론,김맹선 외 4,20140904,세림출판(글로벌콘텐츠),27000,642,0,636,6
9788992576345,181400351,호텔객실경영의 이해,박진영.강인호.김영규 공저,20140904,세림출판(글로벌콘텐츠),18000,46,2,44,0
9788992576352,181400352,호텔연회실무,손재근,20140904,세림출판(글로벌콘텐츠),15000,9,4,5,0
9788992576376,181400353,야구로 배우는 자기계발,신택현,20140904,세림출판(글로벌콘텐츠),10000,388,5,382,1
9788992576383,181400354,야생력,김익철,20140904,세림출판(글로벌콘텐츠),11200,714,26,688,0
9788992576390,181400355,지금 회사와 안녕하고 싶은 날,예동희,20140904,세림출판(글로벌콘텐츠),12000,732,4,727,1
9788992576406,181400356,시간을 이기는 부자,장진화,20140904,세림출판(글로벌콘텐츠),13500,602,3,599,0
9788992576413,181400357,8체질 다이어트,주석원,20140904,세림출판(글로벌콘텐츠),13000,88,3,85,0
9788992576420,181400358,나는 여자다 : 조선 개화기편,김세라,20140904,세림출판(글로벌콘텐츠),12000,315,6,309,0
9788992576437,181400359,명상치료,조영대,20140904,세림출판(글로벌콘텐츠),15000,335,9,326,0
9788992576444,181400360,"스카치 위스키, 그 전설의 고향을 찾아서",우판사,20140904,세림출판(글로벌콘텐츠),12800,1305,5,1299,1
9788992576529,181400361,암컷 그리고 수컷,주석원,20140904,세림출판(글로벌콘텐츠),14800,752,2,749,1
9788992576536,181400362,마인드 다이어트,홍지은,20140904,세림출판(글로벌콘텐츠),13800,870,5,864,1
9788992576550,181400363,하카 럭비처럼!(절대긍정의 힘),김익철,20140904,세림출판(글로벌콘텐츠),13500,26,9,11,6
9788974072421,181400364,중국 없는 중화,인하대학교한국과학연구소 편,20140904,인하대출판부(글로벌콘텐츠),20000,49,4,45,0
9788974072513,181400365,"동아시아, 개항을 보는 제3의 눈",인하대학교 한국학연구소,20140904,인하대출판부(글로벌콘텐츠),20000,28,4,24,0
9788974072575,181400366,사상과 현실:박치우 전집 (동아시아한국학자료총서4),윤미란.윤대석 편,20140904,인하대출판부(글로벌콘텐츠),38000,19,8,11,0
9788974072551,181400367,소방호재여지총초 : 월남편 (동아시아한국학자료총서2),인하대학교 한국학연구소 편,20140904,인하대출판부(글로벌콘텐츠),18000,265,7,258,0
9788974072520,181400368,범월과 이산:만주로 건너간 조선인들,인하대학교 한국학연구소 편,20140904,인하대출판부(글로벌콘텐츠),23000,55,5,49,1
9788974072568,181400369,근대 이행기 동아시아의 언어 지식,한성우,20140904,인하대출판부(글로벌콘텐츠),38000,171,3,168,0
9788974072544,181400370,소방호재여지총초 : 조선편 (동아시아한국학자료총서1),인하대학교 한국학연구소,20140904,인하대출판부(글로벌콘텐츠),22000,270,5,265,0
9788995593400,181400371,비공감의 미학,최강민,20140904,작가와비평(글로벌콘텐츠),18000,263,4,259,0
9788995593424,181400372,새벽빛에 서다,박태일,20140904,작가와비평(글로벌콘텐츠),13800,122,3,119,0
9788995593417,181400373,시는 달린다,박태일,20140904,작가와비평(글로벌콘텐츠),13800,126,4,122,0
9788995593431,181400374,키워드로 읽는 2000년대 문학,작가와비평 편집동인,20140904,작가와비평(글로벌콘텐츠),16000,37,4,33,0
9788995593448,181400375,명성황후는 시해 당하지 않았다,신용우,20140904,작가와비평(글로벌콘텐츠),12800,56,5,45,6
9788995593455,181400376,유럽문학오디세이,김정자,20140904,작가와비평(글로벌콘텐츠),13500,305,3,302,0
9788995593462,181400377,멜랑콜리아의 윤리,이정석,20140904,작가와비평(글로벌콘텐츠),15000,321,5,316,0
9788995593479,181400378,꿈꾸는 토르소,김정남,20140904,작가와비평(글로벌콘텐츠),18000,175,4,170,1
9788995593493,181400379,꽃은 왜 아름다운가 (상),장혜영,20140904,작가와비평(글로벌콘텐츠),11000,100,2,98,0
9788997190003,181400380,꽃은 왜 아름다운가 (하),장혜영,20140904,작가와비평(글로벌콘텐츠),11000,100,2,98,0
9788997190058,181400381,러시아문학 오디세이:고대에서 20C까지,문석우,20140904,작가와비평(글로벌콘텐츠),17000,144,5,105,34
9788997190027,181400382,요동묵시록 (상),신용우,20140904,작가와비평(글로벌콘텐츠),12000,537,8,525,4
9788997190034,181400383,요동묵시록 (하),신용우,20140904,작가와비평(글로벌콘텐츠),12000,421,8,413,0
9788997190041,181400384,디아스포라의 고백들,조동범,20140904,작가와비평(글로벌콘텐츠),11000,95,6,89,0
9788997190102,181400385,한국문학의 다원적 비평,이명재,20140904,작가와비평(글로벌콘텐츠),13000,267,5,262,0
9788997190072,181400386,홀로754 (1),서명균,20140904,작가와비평(글로벌콘텐츠),12000,124,4,120,0
9788997190089,181400387,홀로754 (2),서명균,20140904,작가와비평(글로벌콘텐츠),12000,161,4,157,0
9788997190096,181400388,거장들의 스캔들,홍지화,20140904,작가와비평(글로벌콘텐츠),12800,8,3,5,0
9788997190119,181400389,한국문학의 거짓말,정문순,20140904,작가와비평(글로벌콘텐츠),17000,58,7,51,0
9788997190126,181400390,철수야! 안 철수?,신용우,20140904,작가와비평(글로벌콘텐츠),12000,355,7,348,0
9788997190133,181400391,빨간 아이,"김의담, 정광조",20140904,작가와비평(글로벌콘텐츠),12000,410,6,404,0
9788997190317,181400392,아름다운 청춘,"낸시랭,소재원",20140904,작가와비평(글로벌콘텐츠),12000,1490,4,1486,0
9788997190324,181400393,부재의 수사학,이재훈,20140904,작가와비평(글로벌콘텐츠),14000,242,4,238,0
9788997190331,181400394,고조선과대마도의진실 (환단고기를 찾아서1 ),신용우,20140904,작가와비평(글로벌콘텐츠),12800,5,3,2,0
9788997190355,181400395,슈울멍 이야기,정채운,20140904,작가와비평(글로벌콘텐츠),9800,550,22,527,1
9788997190379,181400396,환영이 있는 거리,박문구,20140904,작가와비평(글로벌콘텐츠),12000,17,6,11,0
9788997190485,181400397,달라이 라마 111展,김경상 外,20140904,작가와비평(글로벌콘텐츠),21000,782,684,98,0
9788997190508,181400398,넉넉한 곁,김창균,20140904,작가와비평(글로벌콘텐츠),12800,153,3,150,0
9788997190492,181400399,마더 데레사 111展 위로의 샘,김경상 외,20140904,작가와비평(글로벌콘텐츠),21000,1051,955,96,0
9788997190515,181400400,"사랑의 시, 여행에서 만나다",양병호외,20140904,작가와비평(글로벌콘텐츠),18000,151,1,150,0
9788997190539,181400401,일본왕실의 만행과 음모 (환단고기를찾아서2),신용우,20140904,작가와비평(글로벌콘텐츠),12800,13,3,10,0
9788997190522,181400402,김수환 추기경 111전 서로 사랑하세요,김경상 외,20140904,작가와비평(글로벌콘텐츠),21000,957,867,90,0
9788997190546,181400403,장졸우교(인문학 수프 1: 소설),양선규,20140904,작가와비평(글로벌콘텐츠),12000,164,11,152,1
9788997190577,181400404,북한소설선,유임하,20140904,작가와비평(글로벌콘텐츠),12000,72,2,70,0
9788997190553,181400405,절판)터널(양장),소재원,20140904,작가와비평(글로벌콘텐츠),12800,115,106,9,0
9788997190560,181400406,무정(이광수 장편소설),권영민 작품해설,20140904,작가와비평(글로벌콘텐츠),12000,390,36,354,0
9788997190584,181400407,용회이명(인문학 수프 2: 영화),양선규,20140904,작가와비평(글로벌콘텐츠),12000,388,10,378,0
9788997190591,181400408,이동의 법칙,전광섭,20140904,작가와비평(글로벌콘텐츠),12800,336,2,334,0
9788997190607,181400409,이굴위신(인문학 수프 3: 고전),양선규,20140904,작가와비평(글로벌콘텐츠),13000,320,14,306,0
9788997190638,181400410,그대라는 이름,김정남,20140904,작가와비평(글로벌콘텐츠),17000,379,4,375,0
9788997190935,181400411,단편소설 작가의 벗,유홍주,20140904,작가와비평(글로벌콘텐츠),17000,71,19,52,0
9791155920473,181400412,성공광인의 몽상: 캔맨,김영권,20140904,작가와비평(글로벌콘텐츠),12000,390,3,387,0
9791155920961,181400413,중국이 날조한 동북공정을 깨라 (환단고기를 찾아서3),신용우,20140904,작가와비평(글로벌콘텐츠),12800,146,4,140,2
9791155920978,181400414,너의 이름만 들어도 가슴속에 종이 울린다,최돈선,20140904,작가와비평(글로벌콘텐츠),13800,57,3,53,1
9791155920985,181400415,우청우탁(인문학 수프 4: 문식),양선규,20140904,작가와비평(글로벌콘텐츠),13800,95,0,94,1
9791155921029,181400416,빛이 떠난 자리 바람꽃 피우다,조성범,20140904,작가와비평(글로벌콘텐츠),12000,183,18,165,0
9791155921012,181400417,하늘에서 꽃이 내리다,이채현,20140904,작가와비평(글로벌콘텐츠),8000,333,186,147,0
9791155921050,181400418,사랑이 머문 자리들,유한나,20140904,작가와비평(글로벌콘텐츠),15000,135,5,130,0
9791155921043,181400419,(개정판)구더기 점프하다,권소정권희돈,20140904,작가와비평(글로벌콘텐츠),11800,654,5,648,1
9791155921036,181400420,감언이설(인문학 수프 5:시속),양선규,20140904,작가와비평(글로벌콘텐츠),15000,272,2,267,3
9791155921067,181400421,바다로 간 오리,김제철,20140904,작가와비평(글로벌콘텐츠),12000,357,5,350,2
9791155921074,181400422,마지막 잎새,오 헨리／폴드랑＆강하나,20140904,작가와비평(글로벌콘텐츠),9800,686,2,684,0
9791155921081,181400423,이철호 275 : 계윤식 시나리오집,계윤식,20140904,작가와비평(글로벌콘텐츠),12000,529,93,436,0
9791155921098,181400424,괴물흥망사,김성렬,20140904,작가와비평(글로벌콘텐츠),13000,105,5,100,0
9791155921111,181400425,산 낙지의 슬픔,장재덕,20140904,작가와비평(글로벌콘텐츠),8000,604,6,598,0
9791155921128,181400426,빛이 떠난 자리 숨꽃 피우다,조성범,20140904,작가와비평(글로벌콘텐츠),13800,625,10,615,0
9791155921104,181400427,땅콩집 이야기,강성률,20140904,작가와비평(글로벌콘텐츠),13000,92,1,91,0
9791155921142,181400428,소가진설(인문학 수프 6: 근황),양선규,20140904,작가와비평(글로벌콘텐츠),14000,302,1,299,2
9788995547571,181400429,시스템분석 및 설계(e-비즈니스를 위한),"정대율,박상혁,박기호,오창규",20140904,컴원미디어(글로벌콘텐츠),24000,27,19,6,2
9788995547564,181400430,호텔객실경영론,"박진영,이희천,정태국",20140904,컴원미디어(글로벌콘텐츠),15000,133,8,125,0
9788992475020,181400431,컴퓨터 활용(유비쿼터스시대를 대비하는),"박철수,유영관,이종무",20140904,컴원미디어(글로벌콘텐츠),18000,105,55,50,0
9788992475037,181400432,C언어 기초다지기,"김태용,조형국",20140904,컴원미디어(글로벌콘텐츠),10000,28,9,18,1
9788992475129,181400433,(2007／2008)지능형 로봇산업 연감,한국지식정보연구원 [편],20140904,컴원미디어(글로벌콘텐츠),250000,29,4,25,0
9788992475105,181400434,(2007／2008)차세대 PC 산업연감,한국지식정보연구원 [편],20140904,컴원미디어(글로벌콘텐츠),250000,40,8,32,0
9788992475099,181400435,(2007／2008)홈네트워크 산업연감,한국지식정보연구원 [편],20140904,컴원미디어(글로벌콘텐츠),250000,51,6,45,0
9788992475112,181400436,(2007／2008)RFID산업 연감,한국지식정보연구원 [편],20140904,컴원미디어(글로벌콘텐츠),250000,50,3,47,0
9788992475082,181400437,정보시스템분석 및 설계,"정대율,박상혁,박기호,오창규",20140904,컴원미디어(글로벌콘텐츠),26000,39,7,31,1
9788992475143,181400438,트라이본(TRIBON)활용(조선 설계도면을 위한),"이창근,이재환,문창식",20140904,컴원미디어(글로벌콘텐츠),24000,26,11,15,0
9788992475228,181400439,전자재료 물성학,배철훈,20140904,컴원미디어(글로벌콘텐츠),15000,6,2,2,2
9788992475211,181400440,RFID 시스템과 보안,"이훈재,조형국",20140904,컴원미디어(글로벌콘텐츠),16000,167,3,158,6
9788992475310,181400441,선박 의장 파이프 모델링,"이창근,신노범,최우영",20140904,컴원미디어(글로벌콘텐츠),13000,26,4,22,0
9788992475327,181400442,동강이 품은 들꽃,정의목,20140904,컴원미디어(글로벌콘텐츠),12000,361,14,347,0
9788992475341,181400443,신재생에너지 산업연감,한국산업기술포럼,20140904,컴원미디어(글로벌콘텐츠),250000,16,5,11,0
9788992475389,181400444,(1쇄)오라클DATABASE 11g와 함께하는 SQL과 PL/SQL,조행남,20140904,컴원미디어(글로벌콘텐츠),22000,43,5,33,5
9788992475471,181400445,트라이본(TRIBON) Drafting 실습,이창근,20140904,컴원미디어(글로벌콘텐츠),16000,40,3,36,1
9788992475488,181400446,중국유학생을 위한 조선설계-트라이본 기초,"이창근,구명모,김영희",20140904,컴원미디어(글로벌콘텐츠),16000,109,6,101,2
9788992475501,181400447,내가 만나본 새들의 세상,김지호,20140904,컴원미디어(글로벌콘텐츠),12000,535,7,528,0
9788992475518,181400448,커뮤니케이션 통계분석론,권상희,20140904,컴원미디어(글로벌콘텐츠),25000,382,6,376,0
9788992475525,181400449,고급 커뮤니케이션 통계분석론,권상희,20140904,컴원미디어(글로벌콘텐츠),20000,431,6,425,0
9788992475532,181400450,AVEVA Marine12.0.SP3 의장설계 기초,이창근,20140904,컴원미디어(글로벌콘텐츠),18000,16,5,11,0
9788992475587,181400451,AVEVA Marine 12.1 EQUIPMENT MODELLING 실습,이창근,20140904,컴원미디어(글로벌콘텐츠),15000,17,6,11,0
9788992475594,181400452,C언어 실습,이창근,20140904,컴원미디어(글로벌콘텐츠),17000,18,3,14,1
9788992475600,181400453,JSP／Servlet 프로그래밍 (오라클11g와 함께하는),조행남,20140904,컴원미디어(글로벌콘텐츠),28000,307,3,303,1
9788995208076,181400454,지방분권론,김익식 역,20140904,한국행정DB센타(글로벌콘텐츠),15000,46,4,42,0
9788995208083,181400455,청년지도자의 실험과 꿈,청년시장군수구청장회,20140904,한국행정DB센타(글로벌콘텐츠),10000,62,6,56,0
9788992072014,181400456,"지방자치행정논고(지방의 경영화,세계화를 위한 제언)","임경환,김영민",20140904,한국행정DB센타(글로벌콘텐츠),13000,144,8,136,0
9788992072021,181400457,新 지방의회 운영론,"임경호,이용우",20140904,한국행정DB센타(글로벌콘텐츠),15000,77,1,76,0
9788992072038,181400458,지방정부간 갈등과 협력(이론과 실제),"강성철,권경득,강인호,강문희 외",20140904,한국행정DB센타(글로벌콘텐츠),18000,54,3,51,0
9788992072045,181400459,지방정부간 갈등과 협력(연구사례집),"강성철,권경득,강인호,강문희 외",20140904,한국행정DB센타(글로벌콘텐츠),26000,92,4,87,1
9788992072069,181400460,영국의 공공감사제도,문태곤,20140904,한국행정DB센타(글로벌콘텐츠),15000,276,5,271,0
9788992072076,181400461,지방의 역습,"이케다 히로무, 반광식",20140904,한국행정DB센타(글로벌콘텐츠),9800,102,102,0,0
9788992072083,181400462,최신 지방재정론,"이성근,박의식",20140904,한국행정DB센타(글로벌콘텐츠),25000,137,6,130,1
9788992072090,181400463,새로운 정치자금론,장정윤,20140904,한국행정DB센타(글로벌콘텐츠),17000,284,4,280,0
9788992072113,181400464,지역 일자리 창출의 미래 전략,"역자 권영석, 감수자 강재호",20140904,한국행정DB센타(글로벌콘텐츠),22000,97,2,95,0
9788992072120,181400465,일본에서 가장 행복한 지역주민,사카모토 코우지/임정빈역,20140904,한국행정DB센타(글로벌콘텐츠),15000,413,8,405,0
9788992072137,181400466,지방재정론,라휘문,20140904,한국행정DB센타(글로벌콘텐츠),24000,69,10,58,1
9791185650562,181400467,나를 말할 권리,김희윤,20140915,글로벌콘텐츠출판그룹,12800,165,5,160,0
9791155921210,181400468,고독한 말,최강민,20140915,작가와비평(글로벌콘텐츠),18000,328,4,324,0
9791185650593,181400469,(절판)새로운5형식새로운영문법(개정),윤만근,20140916,글로벌콘텐츠출판그룹,24000,11,7,4,0
9772005375001,181400470,작가와비평(2009년하반기)10호,,20140920,글로벌콘텐츠출판그룹,15000,5,5,0,0
9772092504209,181400471,(절판)다문화콘텐츠연구(2009년상반기),,20140920,경진(글로벌콘텐츠)(도서출판),10000,1,1,0,0
9772092504001,181400472,다문화콘텐츠연구(제11집),,20140920,글로벌콘텐츠출판그룹,20000,4,2,2,0
9771598960007,181400473,독서연구24,,20140920,경진(글로벌콘텐츠)(도서출판),25000,10,6,4,0
9771598960007,181400474,독서연구25,,20140920,경진(글로벌콘텐츠)(도서출판),25000,0,0,0,0
9772005375001,181400475,작가와비평(2010년상반기)11호,,20140920,글로벌콘텐츠출판그룹,15000,2,2,0,0
9772005375001,181400476,작가와비평(2010년하반기)12호,,20140920,작가와비평(글로벌콘텐츠),12000,5,5,0,0
9772005375001,181400477,작가와비평(2011년상반기)13호,,20140920,작가와비평(글로벌콘텐츠),12000,3,3,0,0
9771598960007,181400478,독서연구26,,20140920,경진(글로벌콘텐츠)(도서출판),25000,7,6,1,0
9772092504001,181400479,다문화콘텐츠연구(제12집),,20140920,글로벌콘텐츠출판그룹,20000,2,2,0,0
9772092504001,181400480,(절판)다문화콘텐츠연구(2010년상반기),,20140920,경진(글로벌콘텐츠)(도서출판),10000,5,5,0,0
9772092504209,181400481,(절판)다문화콘텐츠연구(2009년하반기),,20140920,경진(글로벌콘텐츠)(도서출판),10000,4,4,0,0
9772233463006,181400482,대학작문(3호2011하반기),,20140920,경진(글로벌콘텐츠)(도서출판),15000,11,10,1,0
9772233463006,181400483,대학작문(2호2011상반기),,20140920,경진(글로벌콘텐츠)(도서출판),15000,2,2,0,0
9772233463006,181400484,대학작문(창간호2010하반기),,20140920,경진(글로벌콘텐츠)(도서출판),15000,9,7,2,0
9772005657503,181400485,(절판)다문화연구(창간호),,20140920,글로벌콘텐츠출판그룹,10000,4,4,0,0
9788992576031,181400486,관광법규,,20140920,세림출판(글로벌콘텐츠),15000,13,3,10,0
9788992576031,181400487,최신관광법규,,20140920,세림출판(글로벌콘텐츠),17000,31,3,28,0
9772005375407,181400488,작가와비평(2009상반기),,20140920,글로벌콘텐츠출판그룹,15000,3,3,0,0
9788959960002,181400489,중국어로배우는세계명언의지혜,,20140920,경진(글로벌콘텐츠)(도서출판),12000,27,7,14,6
9788959964147,181400490,동화시집,,20140920,경진(글로벌콘텐츠)(도서출판),13000,184,4,180,0
9788992475693,181400491,데이터관리및활용전략(일반관리자를위한),"이춘열,황철현",20140920,컴원미디어(글로벌콘텐츠),20000,623,4,619,0
9788959964130,181400492,마산근대문학의탄생,박태일,20140920,경진(글로벌콘텐츠)(도서출판),25000,229,5,223,1
9772092504001,181400493,다문화콘텐츠연구(2010년하반기),,20140920,경진(글로벌콘텐츠)(도서출판),12000,3,3,0,0
9772005375001,181400494,작가와비평(2008년하반기)8호,,20140920,글로벌콘텐츠출판그룹,15000,6,6,0,0
9788959960552,181400495,다문화의이해,,20140920,경진(글로벌콘텐츠)(도서출판),18000,46,1,44,1
9772092504001,181400496,다문화콘텐츠연구(제14집 2014.04),,20140920,경진(글로벌콘텐츠)(도서출판),20000,6,6,0,0
9772092504001,181400497,다문화콘텐츠연구(제10집),,20140920,경진(글로벌콘텐츠)(도서출판),20000,2,2,0,0
9788992576314,181400498,스튜어디스면접,,20140920,세림출판(글로벌콘텐츠),12000,13,10,0,3
9788992475266,181400499,인터네트워크구축,이상곤,20140920,컴원미디어(글로벌콘텐츠),15000,8,3,5,0
9788959960088,181400500,(품절)통합초등영어지도방법,"김영철,김정훈",20140920,경진(글로벌콘텐츠)(도서출판),8000,0,0,0,0
9788989191605,181400501,(품절)영어로배우는한국속담,김영일,20140920,경진(글로벌콘텐츠)(도서출판),7000,0,0,0,0
9788959960187,181400502,(절판)국어억양의음운론,김선철,20140920,경진(글로벌콘텐츠)(도서출판),10000,0,0,0,0
9788989191599,181400503,(절판)ANAPHORA RESOLUTON,,20140920,경진(글로벌콘텐츠)(도서출판),19000,0,0,0,0
9788959964178,181400504,한국사회와다문화(개정판),"이찬욱,강진구,노자은",20140920,경진(글로벌콘텐츠)(도서출판),12000,223,4,188,31
9788989191582,181400505,THE JOYS OF MOTHERHOOD,,20140920,경진(글로벌콘텐츠)(도서출판),12000,0,0,0,0
8012125260933,181400506,사회언어학(2013년4월제12권1호),,20140920,글로벌콘텐츠출판그룹,20000,0,0,0,0
9772092504001,181400508,다문화콘텐츠연구(제15집 2014.),,20140923,경진(글로벌콘텐츠)(도서출판),20000,4,4,0,0
9791185650579,181400509,최신 문헌정보학연습 (제5개정판),김연경,20140925,글로벌콘텐츠출판그룹,25000,747,16,726,5
9772092504001,181400510,다문화콘텐츠연구(제16집 2014.04),,20140929,경진(글로벌콘텐츠)(도서출판),20000,2,2,0,0
8012125260964,181400511,사회언어학(2014년4월제22권1호),,20140929,경진(글로벌콘텐츠)(도서출판),20000,10,10,0,0
8012125261008,181400512,사회언어학(2014년4월제22권2호),한국사회언어학회,20141001,경진(글로벌콘텐츠)(도서출판),20000,9,9,0,0
8012125261022,181400513,도서대,,20141006,글로벌콘텐츠출판그룹,10000,62,62,0,0
9788996454908,181400514,웹표준과접근성,마중물소프트 편찬위원회,20141007,마중물소프트(글로벌콘텐츠),22000,0,0,0,0
9788992475044,181400515,ORACLE & JSP PROGRAMMING,조행남,20141007,컴원미디어(글로벌콘텐츠),20000,9,0,9,0
9791155921227,181400516,"혁명,율도국",신용우,20141008,작가와비평(글로벌콘텐츠),12800,299,10,287,2
9788959964161,181400517,명나라 시대 여진인,愛新覺羅 烏拉熙春,20141008,경진(글로벌콘텐츠)(도서출판),24000,316,3,313,0
9788959964246,181400518,한글 고문서를 통해 본 조선사람들의 삶,이상규,20141008,경진(글로벌콘텐츠)(도서출판),22000,707,-1,708,0
9788992576048,181400519,(품절)항공 일본어회화,"임경미,박영식",20141010,세림출판(글로벌콘텐츠),10000,3,0,3,0
9771598960007,181400520,독서연구31,정옥년,20141010,경진(글로벌콘텐츠)(도서출판),25000,0,0,0,0
9771598960007,181400521,독서연구 2014년 제32호,정옥년,20141010,경진(글로벌콘텐츠)(도서출판),25000,10,10,0,0
9788959964208,181400522,스타일의 탄생 (북한문학예술6),단국대학교 부설 한국문화기술 연구소,20141016,경진(글로벌콘텐츠)(도서출판),18000,313,4,308,1
9788959964192,181400523,지향과 현실: 남북문화예술의 접점 (북한문학예술7),단국대학교 부설 한국문화기술 연구소,20141016,경진(글로벌콘텐츠)(도서출판),22000,318,1,317,0
9791155921272,181400524,사랑한다면,이채현,20141021,작가와비평(글로벌콘텐츠),9000,433,145,288,0
9788994626253,181400525,용의 등에 내려앉은 봉,김경수 신상화,20141021,글모아출판(글로벌콘텐츠),11000,401,5,396,0
9791155921180,181400526,전사들과 이순신:권1 각자의 삶,정진혁,20141024,작가와비평(글로벌콘텐츠),13000,285,3,282,0
9788959964185,181400527,북한의 정치와 문학,전영선,20141029,경진(글로벌콘텐츠)(도서출판),12000,128,2,126,0
9788959964215,181400528,한민족문화예술감성용어사전.용례집1,단국대학교 부설 한국문화기술연구소,20141105,경진(글로벌콘텐츠)(도서출판),18000,352,2,350,0
9788994626260,181400529,박재삼의 전통 서정시학과 근원적 상상력,정영애,20141111,글모아출판(글로벌콘텐츠),13000,16,4,12,0
9788959962228,181400530,"네버엔딩 스토리, 고전시가",하경숙,20141112,경진(글로벌콘텐츠)(도서출판),15000,433,2,431,0
8012125261053,181400531,DDC 23 (1권~4권),,20141203,글로벌콘텐츠출판그룹,240000,5,5,0,0
9791185650630,181400532,근세 철학 인식론의 한계,한귀란,20141204,글로벌콘텐츠출판그룹,12000,31,31,0,0
9788995818930,181400533,(품절)항공기기내방송실무,,20141205,세림출판(글로벌콘텐츠),9000,2,0,2,0
9791185650692,181400534,영어 평가의 이해,김성애,20141217,글로벌콘텐츠출판그룹,12000,395,3,390,2
9788992576369,181400535,(품절)항공객실업무,김은희,20141219,세림출판(글로벌콘텐츠),10000,7,5,2,0
9788959961771,181400536,(절판)한국사회와다문화,,20141222,경진(글로벌콘텐츠)(도서출판),12000,1,0,0,1
9772092504001,181400537,다문화콘텐츠연구(제17집 2014.10),,20141224,경진(글로벌콘텐츠)(도서출판),20000,9,9,0,0
9788992576147,181400538,품절)관광통역안내사(필기편),,20141226,세림출판(글로벌콘텐츠),17000,4,0,4,0
9791185650661,181400539,한국유학의 도덕교육적 변용,김민재,20141229,글로벌콘텐츠출판그룹,17000,382,2,380,0
9788959964277,181400540,소파 방정환과 근대 아동문학,염희경,20141230,경진(글로벌콘텐츠)(도서출판),32000,308,6,302,0
9771598960007,181400541,독서연구 2014년 제33호,정옥년,20141230,경진(글로벌콘텐츠)(도서출판),25000,10,10,0,0
9788959964284,181400542,근대시의 모더니티와 숭고,박민규,20141231,경진(글로벌콘텐츠)(도서출판),23000,244,1,243,0
8012122648220,181400543,사회언어학(2014년4월제22권3호),강현속,20150109,글로벌콘텐츠출판그룹,20000,7,7,0,0
9791155921302,181400544,마이너리티 리포트,황숙진,20150109,작가와비평(글로벌콘텐츠),12800,259,0,258,1
9791185650678,181400545,동아시아 영토분쟁의 어제와 오늘 (인문학시민강좌 04),인하대학교 한국학연구소,20150114,글로벌콘텐츠출판그룹,11000,286,1,285,0
9788959964369,181400546,다문화주의 이론: 철학과 사회과학의 지도,FRANCESCO FISTETTI,20150116,경진(글로벌콘텐츠)(도서출판),13000,3,2,1,0
9788989191551,181400547,(절판)변형생성 영어언어학,김용석,20150121,경진(글로벌콘텐츠)(도서출판),15000,3,3,0,0
9788994626321,181400548,데미안과 함께 하는 청소년 인문학,도홍찬,20150121,글모아출판(글로벌콘텐츠),12000,142,21,120,1
9788959964291,181400549,통일문화사대계 2: 2000~2009 북한문예비평자료.해제집,단국대학교 부설 한국문화기술연구소,20150121,경진(글로벌콘텐츠)(도서출판),43000,347,2,345,0
9791185650647,181400550,"단군의 나라, 카자흐스탄",김정민,20150121,글로벌콘텐츠출판그룹,18000,160,1,159,0
9788989191964,181400551,(절판)외국인의 한국어 연구,최호철외,20150126,경진(글로벌콘텐츠)(도서출판),12000,2,2,0,0
9791185650814,181400552,영어독해파워 1,"이영숙,이영경",20150126,글로벌콘텐츠출판그룹,12000,223,4,219,0
9791185650821,181400553,영어독해파워 2,"이영숙,이영경",20150126,글로벌콘텐츠출판그룹,10000,342,4,333,5
9788992475389,181400554,(3쇄)오라클DATABASE 11g와 함께하는 SQL과 PL/SQL,조행남,20150129,컴원미디어(글로벌콘텐츠),22000,2,1,1,0
9788959964253,181400555,제주방언의통사기술과설명,김지홍,20150202,경진(글로벌콘텐츠)(도서출판),30000,311,3,308,0
9788959964376,181400556,북한의언어,전영선,20150203,경진(글로벌콘텐츠)(도서출판),10000,127,1,126,0
9791185650722,181400557,"사회언어학:언어와사회,그리고 문화",강현석외,20150205,글로벌콘텐츠출판그룹,20000,409,26,313,70
9788989191667,181400558,(절판)제2언어습득론개관,황종배,20150210,경진(글로벌콘텐츠)(도서출판),7000,0,0,0,0
9791155921357,181400559,빛이떠난자리꽃은울지않는다,조성범,20150212,작가와비평(글로벌콘텐츠),15000,313,4,309,0
9788992475716,181400560,(절판)데이터분석과저널리즘,함형건,20150216,컴원미디어(글로벌콘텐츠),18000,20,11,6,3
9791155921289,181400561,포산들꽃,이상규,20150216,작가와비평(글로벌콘텐츠),12800,1114,5,1109,0
9788994626277,181400562,21세기국어형태론,김승곤,20150216,글모아출판(글로벌콘텐츠),34000,234,4,230,0
9791185650746,181400563,모국어말하기교육,"앤더슨,브롸운,쉴록,율",20150216,글로벌콘텐츠출판그룹,30000,398,5,392,1
9791185650654,181400564,어휘평가,존 리드,20150216,글로벌콘텐츠출판그룹,20000,410,4,406,0
9791185650838,181400565,(절판)NVivo10,박종원,20150217,글로벌콘텐츠출판그룹,12000,18,1,17,0
9788959964420,181400566,문화콘텐츠 스토리텔링의 실제,이명자,20150217,경진(글로벌콘텐츠)(도서출판),8000,257,8,247,2
9788959964543,181400567,중등교원 임용고시 20년간 국어학 기출문제 해설서,한현종,20150226,경진(글로벌콘텐츠)(도서출판),22000,38,2,36,0
9791185650845,181400568,중등교원 임용고시 영어학 문제분석,남기석 편저,20150302,글로벌콘텐츠출판그룹,16000,384,13,368,3
9788959964307,181400569,시와영화그리고정치,김효신,20150302,경진(글로벌콘텐츠)(도서출판),11200,16,4,6,6
9771598960007,181400570,독서연구 2015년 제34호,정옥년,20150305,경진(글로벌콘텐츠)(도서출판),25000,10,10,0,0
9791185650753,181400571,근대문법의형성:주시경론,최낙복,20150306,글로벌콘텐츠출판그룹,19000,4,4,0,0
9791185650760,181400572,국어교육을위한말하기,허선익,20150306,글로벌콘텐츠출판그룹,20000,4,4,0,0
9791185650777,181400573,국어의보조용언,구종남,20150306,글로벌콘텐츠출판그룹,16000,4,4,0,0
9791185650784,181400574,한설야문학연구,남원진,20150306,글로벌콘텐츠출판그룹,25000,4,4,0,0
9791185650791,181400575,(절판)현대국어통어론,김승곤,20150306,글로벌콘텐츠출판그룹,12000,4,4,0,0
9788994626291,181400576,북한문학의내셔널리즘과미학,남원진,20150306,글모아출판(글로벌콘텐츠),26000,4,4,0,0
9788994626307,181400577,국어의부정극어연구,구종남,20150306,글모아출판(글로벌콘텐츠),12000,4,4,0,0
9788994626314,181400578,오규원시의자연인식과방법론,조동범,20150306,글모아출판(글로벌콘텐츠),15000,2,2,0,0
9788959964314,181400579,꿈꾸는언어,김정남,20150306,경진(글로벌콘텐츠)(도서출판),18000,4,4,0,0
9788959964321,181400580,열린문학을위한비평,이명재,20150306,경진(글로벌콘텐츠)(도서출판),13000,4,4,0,0
9788959964338,181400581,문학의종언,이정석,20150306,경진(글로벌콘텐츠)(도서출판),15000,4,4,0,0
9788959964345,181400582,"부재의시대,문학인들의목소리",이재훈,20150306,글로벌콘텐츠출판그룹,14000,4,4,0,0
9788959964260,181400583,근대부산지역동인지문학집성1,이순옥,20150306,경진(글로벌콘텐츠)(도서출판),30000,4,4,0,0
9788959962211,181400584,근대부산지역문학사회와매체,이순옥,20150306,경진(글로벌콘텐츠)(도서출판),22000,3,3,0,0
9791155921340,181400585,율리시슨의부릅뜬두눈,손종업,20150306,작가와비평(글로벌콘텐츠),19000,4,4,0,0
9788994626284,181400586,여행프랑스어,한경희,20150306,글모아출판(글로벌콘텐츠),7000,6,6,0,0
9788992475136,181400587,네트워크보안기초:FNS이론및실습,"이훈재,이상곤,김태용,이경관 공저",20150309,컴원미디어(글로벌콘텐츠),20000,16,16,0,0
9788959964550,181400588,한국 현대시 교육론,오정훈,20150309,경진(글로벌콘텐츠)(도서출판),17000,350,18,332,0
9791185650142,181400589,선교영어회화,한귀란,20150309,글로벌콘텐츠출판그룹,12800,8,5,0,3
9791155921364,181400590,도스토예프스키단편선,도스토예프스키/백준현,20150312,작가와비평(글로벌콘텐츠),11200,11,8,1,2
9791185650869,181400591,아라의당구홀릭3,아라 & 폴,20150316,글로벌콘텐츠출판그룹,12800,53,22,27,4
9791185650708,181400592,미디어이론1(실적),권상희 편역,20150316,글로벌콘텐츠출판그룹,26000,1,1,0,0
9791185650715,181400593,미디어이론2(실적),권상희 편역,20150316,글로벌콘텐츠출판그룹,28000,1,1,0,0
9791185650586,181400594,새로운패러다임의비교정치,김성수,20150317,글로벌콘텐츠출판그룹,28000,251,5,239,7
9791185650739,181400595,영어말하기교육(대화분석에근거한접근),"브롸운, 율/김지홍, 서종훈",20150319,글로벌콘텐츠출판그룹,23000,363,5,358,0
9788959964437,181400596,글쓰기윤리와자료사용,이윤진,20150324,경진(글로벌콘텐츠)(도서출판),16000,296,17,279,0
9788959964383,181400597,분단의아비투스와남북소통의길,건국대학교 통일인문학연구단,20150401,경진(글로벌콘텐츠)(도서출판),21000,423,5,418,0
9788959964406,181400598,분단트라우마와치유의길(양장),건국대학교 통일인문학연구단,20150401,경진(글로벌콘텐츠)(도서출판),25000,431,4,427,0
9788959964413,181400599,민족공통성과통일의길(양장),건국대학교 통일인문학연구단,20150401,경진(글로벌콘텐츠)(도서출판),24000,436,4,432,0
9788959964567,181400600,사라진여진문자,야마지 히로아키 저,20150408,경진(글로벌콘텐츠)(도서출판),45000,221,15,204,2
9788959964581,181400601,소학독본유몽휘편,유임하,20150417,경진(글로벌콘텐츠)(도서출판),14000,48,2,46,0
9788959960248,181400602,(절판)지성을위한글쓰기,김경남,20150423,글로벌콘텐츠출판그룹,12000,0,0,0,0
9788959964574,181400603,신문장강화(근대독본총서10),"구자황,문혜윤",20150428,경진(글로벌콘텐츠)(도서출판),28000,100,1,96,3
9791185650883,181400604,설역에서온편지,이승실,20150506,글로벌콘텐츠출판그룹,13800,347,2,345,0
9791185650890,181400605,파미르고원의역사와문화산책(양장),김규현,20150506,글로벌콘텐츠출판그룹,25000,253,18,233,2
9791185650913,181400606,월트휘트먼과융합적상상력(양장),심진호,20150508,글로벌콘텐츠출판그룹,22000,282,15,267,0
9791185650906,181400607,마고할미로부터7만년,조홍근,20150513,글로벌콘텐츠출판그룹,15000,70,2,68,0
9791155921456,181400608,헬렌켈러와앤설리번,폴드랑&강하나,20150518,작가와비평(글로벌콘텐츠),12000,469,5,457,7
9791155921449,181400609,글잘쓰는법-글쓰기지침서,유홍주,20150518,작가와비평(글로벌콘텐츠),17000,212,5,207,0
8012125262104,181400610,사회언어학 (23권 1호),서경희,20150520,글로벌콘텐츠출판그룹,20000,9,9,0,0
8012125262135,181400611,다문화콘텐츠연구 제18집(2015. 04.),이 찬 욱,20150520,경진(글로벌콘텐츠)(도서출판),20000,10,10,0,0
9788994626345,181400612,당신의영혼은안녕하십니까,신경애,20150522,글모아출판(글로벌콘텐츠),18000,629,12,617,0
9791155921463,181400613,시인의잡담,박세현,20150522,작가와비평(글로벌콘텐츠),12000,627,3,623,1
9788959964604,181400614,영상으로보는북한의일상(양장),전영선,20150527,경진(글로벌콘텐츠)(도서출판),11000,277,11,266,0
9788989191384,181400615,언어,,20150601,글로벌콘텐츠출판그룹,12000,2,0,2,0
9788959964642,181400616,탈북민의 적응과 치유이야기(치유총서 01),건국대학교 통일인문학연구단,20150602,경진(글로벌콘텐츠)(도서출판),20000,79,16,63,0
9791185650920,181400617,이슈 인 심리학(양장),이재연,20150603,글로벌콘텐츠출판그룹,15000,158,15,143,0
9791185650937,181400618,인간문제(큰글한국문학선집001),강경애,20150603,글로벌콘텐츠출판그룹,45000,8,2,5,1
9791185650944,181400619,백치아다다별을헨다(큰글한국문학선집002),계용묵,20150603,글로벌콘텐츠출판그룹,29000,6,1,4,1
9788997190348,181400620,(구간)구더기점프하다,,20150608,작가와비평(글로벌콘텐츠),11800,3,0,3,0
9791185650951,181400621,김명기 보컬트레이닝,김명기,20150615,글로벌콘텐츠출판그룹,15000,28,2,24,2
9788959964659,181400622,훈민정음제자원리,문효근,20150616,경진(글로벌콘텐츠)(도서출판),25000,225,15,210,0
9791155921470,181400623,윌리엄 칼로스 윌리엄즈의 예술적 상상력과 통섭,심진호,20150616,작가와비평(글로벌콘텐츠),21000,296,16,280,0
9791185650982,181400624,대하(큰글한국문학선집004),김남천,20150618,글로벌콘텐츠출판그룹,39000,6,2,4,0
9791185650975,181400625,바다와나비(큰글한국문학선집003),김기림,20150618,글로벌콘텐츠출판그룹,16000,4,1,3,0
9788959964666,181400626,한글독본(근대독본총서8),"구자황,문혜윤",20150618,경진(글로벌콘텐츠)(도서출판),16000,229,2,227,0
9771598960007,181400627,독서연구 2015년 제35호,한국독서학회,20150618,경진(글로벌콘텐츠)(도서출판),25000,10,10,0,0
9788959964444,181400628,텍스트와담론분석방법,남상백,20150629,경진(글로벌콘텐츠)(도서출판),25000,17,7,0,10
9791158520007,181400629,감자 배따라기(큰글한국문학선집006),김동인,20150630,글로벌콘텐츠출판그룹,38000,8,2,6,0
9791185650999,181400630,하늘과바람과별과시(큰글한국문학선집005),윤동주,20150630,글로벌콘텐츠출판그룹,12000,4,1,3,0
9791155921487,181400631,한국문학의 거짓말 (2판),정문순,20150630,작가와비평(글로벌콘텐츠),17000,330,7,284,39
9788959964673,181400632,소설창작강의,이미란,20150630,경진(글로벌콘텐츠)(도서출판),11200,222,3,212,7
9791185650968,181400633,초보창업자의당구장자리찾기,조창현,20150630,글로벌콘텐츠출판그룹,14000,576,3,555,18
9788959964598,181400634,선문염송집연구,조명제,20150703,경진(글로벌콘텐츠)(도서출판),22000,368,4,361,3
9788959964697,181400635,2000년대재일조선인시선집,김형규 엮음,20150703,경진(글로벌콘텐츠)(도서출판),30000,299,2,297,0
9791155921517,181400636,전사들과 이순신:권2 마음,정진혁,20150708,작가와비평(글로벌콘텐츠),15000,42,3,39,0
9788959964680,181400637,중등문범 (근대독본총서9),구자황 문혜윤,20150708,경진(글로벌콘텐츠)(도서출판),19000,117,5,112,0
9788959961351,181400638,근대독본총서(전10권),,20150710,경진(글로벌콘텐츠)(도서출판),155000,4,1,1,2
9791158520052,181400639,진달래꽃(큰글한국문학선집008),김소월,20150713,글로벌콘텐츠출판그룹,12000,6,1,4,1
9791158520045,181400640,남으로창을내갰소(큰글한국문학선집007),김상용,20150713,글로벌콘텐츠출판그룹,13000,7,1,5,1
9791158520076,181400641,모란이피기까지는(큰글한국문학선집010),김영랑,20150722,글로벌콘텐츠출판그룹,12000,9,2,7,0
9791158520069,181400642,해파리의노래(큰글한국문학선집009),김억,20150722,글로벌콘텐츠출판그룹,12000,7,1,5,1
9791155921524,181400643,작가와비평 세트(8~13호),,20150722,글로벌콘텐츠출판그룹,60000,48,1,46,1
9788959964635,181400644,탈북청소년의한국살이이야기,김종군 엮음,20150722,경진(글로벌콘텐츠)(도서출판),18000,80,1,77,2
9791158520243,181400645,동백꽃/봄봄(큰글한국문학선집011),김유정,20150804,글로벌콘텐츠출판그룹,36000,3,1,2,0
9791158520250,181400646,생활인의철학(큰글한국문학선집012),김진섭,20150804,글로벌콘텐츠출판그룹,37000,8,2,6,0
9791158520021,181400647,비즈니스영어파일,신규철,20150804,글로벌콘텐츠출판그룹,13800,525,4,516,5
9788959964710,181400648,태서신사언역본주해,허재영,20150805,경진(글로벌콘텐츠)(도서출판),32000,23,4,19,0
9791155921531,181400649,시네마블루(주민아의),주민아,20150814,작가와비평(글로벌콘텐츠),12000,371,43,313,15
9791158520281,181400650,(절판)표본실의청개구리(큰글한국문학선집015),,20150817,글로벌콘텐츠출판그룹,19000,4,1,3,0
9791158520267,181400651,물레방아.벙어리 삼룡이(큰글한국문학선집 013),나도향,20150817,글로벌콘텐츠출판그룹,31000,12,2,10,0
9791158520274,181400652,사슴(큰글한국문학선집014),노천명,20150817,글로벌콘텐츠출판그룹,14000,6,1,3,2
9791155921609,181400653,땅콩집이야기7080,강성률,20150821,작가와비평(글로벌콘텐츠),15000,195,4,191,0
9788959964628,181400654,이상화문학전집,이상규,20150825,경진(글로벌콘텐츠)(도서출판),23000,377,2,375,0
9788994626369,181400655,소소함의깊이를재다,이준,20150828,글모아출판(글로벌콘텐츠),15000,285,5,273,7
9791158520304,181400656,(절판)삼대,,20150828,글로벌콘텐츠출판그룹,58000,5,5,0,0
9791158520298,181400657,(절판)만세전,,20150828,글로벌콘텐츠출판그룹,20000,5,5,0,0
9788959964765,181400658,일제강점기 글쓰기론 자료(일제강점기글쓰기론자료1),김경남 엮음,20150901,경진(글로벌콘텐츠)(도서출판),27000,7,5,2,0
9788959964772,181400659,문장강화(일제강점기글쓰기론자료2),김경남 엮음,20150901,경진(글로벌콘텐츠)(도서출판),37000,27,4,22,1
9791158520465,181400660,교양한문,유임하 엮음,20150901,글로벌콘텐츠출판그룹,13000,108,18,90,0
9771598960007,181400661,독서연구 2015년 제36호,,20150905,글로벌콘텐츠출판그룹,25000,10,10,0,0
9791158520496,181400662,미치는사람(큰글한국문학선집019),윤기정,20150911,글로벌콘텐츠출판그룹,45000,4,1,3,0
9791158520489,181400663,살어리(큰글한국문학선집018),윤곤강,20150911,글로벌콘텐츠출판그룹,22000,8,2,6,0
9788959964529,181400664,매체언어교수학습연구의전략과실제,이채연,20150915,경진(글로벌콘텐츠)(도서출판),15000,320,11,309,0
9788994626376,181400665,국어부사의조어법과분류,김승곤,20150915,글모아출판(글로벌콘텐츠),42000,220,5,215,0
9788992576703,181400666,절대집중공부법,이재철,20150921,세림출판(글로벌콘텐츠),13800,24,20,4,0
8012125262920,181400667,사회언어학 (23권 2호),,20150922,글로벌콘텐츠출판그룹,20000,8,8,0,0
9791158520519,181400668,날개-이상단편선(큰글한국문학선집021),이상,20150922,글로벌콘텐츠출판그룹,28000,6,1,5,0
9791158520502,181400669,무정-이광수장편소설(큰글한국문학선집020)장편소설,이광수,20150923,글로벌콘텐츠출판그룹,50000,2,0,2,0
9791158520298,181400670,현해탄(큰글한국문학선집016),임화,20151006,글로벌콘텐츠출판그룹,20000,4,1,3,0
9791158520304,181400671,메밀꽃필무렵(큰글한국문학선집017),이효석,20151006,글로벌콘텐츠출판그룹,34000,9,2,7,0
9791158520526,181400672,종생기(큰글한국문학선집022),이상,20151006,글로벌콘텐츠출판그룹,24000,14,4,10,0
9791158520533,181400673,빼앗긴들에도봄은오는가(큰글한국문학선집023),이상화,20151006,글로벌콘텐츠출판그룹,17000,5,0,5,0
9791158520632,181400674,향수(큰글한국문학선집015),,20151019,글로벌콘텐츠출판그룹,15000,8,2,5,1
9791158520649,181400675,광야(큰글한국문학선집024),,20151019,글로벌콘텐츠출판그룹,22000,6,1,5,0
9788959964802,181400676,한국어쓰기교육의이론과실제,,20151019,경진(글로벌콘텐츠)(도서출판),21000,167,5,161,1
9788959964789,181400677,융합형 상상력의 비밀,김영도,20151022,경진(글로벌콘텐츠)(도서출판),13000,148,9,136,3
9791158520663,181400678,종다리(큰글한국문학선집026),,20151029,글로벌콘텐츠출판그룹,15000,8,1,7,0
9791158520656,181400679,혈의누 은세계(큰글한국문학선집025),,20151029,글로벌콘텐츠출판그룹,24000,8,1,6,1
9791155921654,181400680,드라이아이스,,20151030,작가와비평(글로벌콘텐츠),13800,197,6,188,3
9788959964833,181400681,근대 국어 교과서를 읽는다(2판),"강진호,구자황,김혜련외",20151030,경진(글로벌콘텐츠)(도서출판),23000,244,6,238,0
9791158520625,181400682,미국의정치와기독교,,20151030,글로벌콘텐츠출판그룹,22000,385,4,377,4
9791158520601,181400683,법구경,,20151102,글로벌콘텐츠출판그룹,18000,527,8,495,24
9791158520670,181400684,님의침묵(큰글한국문학선집028),,20151106,글로벌콘텐츠출판그룹,15000,5,1,4,0
9791158520687,181400685,해에게서 소년에게(큰글한국문학선집027),,20151106,글로벌콘텐츠출판그룹,16000,5,1,4,0
9788959964796,181400686,세대와젠더,,20151106,경진(글로벌콘텐츠)(도서출판),16000,94,2,91,1
9791155921661,181400687,여우색시,,20151112,작가와비평(글로벌콘텐츠),10000,579,3,576,0
9788959964871,181400688,서례수지(존프라이어 저),,20151116,경진(글로벌콘텐츠)(도서출판),15000,13,4,9,0
9791155921678,181400689,이중섭작품선,,20151116,작가와비평(글로벌콘텐츠),100000,33,4,29,0
9788959964864,181400690,중국어권 학습자를위한속담교육연구,,20151117,경진(글로벌콘텐츠)(도서출판),18000,228,4,219,5
9788959964840,181400691,동서양역사속의 다문화적전개양상2,,20151119,경진(글로벌콘텐츠)(도서출판),17000,278,8,262,8
9788959964857,181400692,지역문학의씨줄과날줄,,20151119,경진(글로벌콘텐츠)(도서출판),28000,355,3,352,0
9791158520717,181400693,자연송(큰글한국문학선집030),,20151120,글로벌콘텐츠출판그룹,27000,12,1,11,0
9791158520700,181400694,무영탑(큰글한국문학선집029),,20151120,글로벌콘텐츠출판그룹,54000,8,1,7,0
9791158520694,181400695,정풍운동,,20151124,글로벌콘텐츠출판그룹,20000,1335,18,1317,0
9788959964895,181400696,실용작문법,,20151126,경진(글로벌콘텐츠)(도서출판),20000,14,5,8,1
9788959964901,181400697,문장체법,,20151126,경진(글로벌콘텐츠)(도서출판),25000,13,4,9,0
9791155921685,181400698,목련그늘,,20151127,작가와비평(글로벌콘텐츠),11200,159,3,156,0
9788959964932,181400699,고등소학독본1,,20151130,경진(글로벌콘텐츠)(도서출판),17000,20,4,16,0
9788959964949,181400700,고등소학독본2,,20151130,경진(글로벌콘텐츠)(도서출판),14000,20,4,16,0
9788959964888,181400701,지구약론,,20151202,경진(글로벌콘텐츠)(도서출판),11200,11,3,8,0
9791155921692,181400702,시만모르는것,,20151204,작가와비평(글로벌콘텐츠),15000,142,3,139,0
9791158520724,181400703,죄라고부르는유익한것들,,20151204,글로벌콘텐츠출판그룹,16000,656,3,652,1
9771598960007,181400704,독서연구 2015년 제37호,,20151209,글로벌콘텐츠출판그룹,25000,20,20,0,0
ISBN978-89-92,181400705,AM OUTFITTING EQUIPMENT 활용,이창,20151218,컴원미디어(글로벌콘텐츠),16000,0,0,0,0
9791158520731,181400706,솔지담의주식초보투자왕되기,,20151221,글로벌콘텐츠출판그룹,13800,28,4,24,0
9788959964994,181400707,장르: 역사.이론.연구.교육,,20151224,경진(글로벌콘텐츠)(도서출판),16000,175,3,169,3
9788959964918,181400708,국어의 담화표지,구종남,20151224,경진(글로벌콘텐츠)(도서출판),15000,136,4,131,1
9788959964970,181400709,(절판)학교문법의이해1,나찬연,20151228,경진(글로벌콘텐츠)(도서출판),22000,23,5,18,0
9788959964987,181400710,(절판)학교문법의이해2,나찬연,20151228,경진(글로벌콘텐츠)(도서출판),22000,47,5,36,6
9791158520755,181400711,코코넛향기의기억,,20160104,글로벌콘텐츠출판그룹,30000,132,9,123,0
9791158520748,181400712,논문작성법컨설팅,,20160107,글로벌콘텐츠출판그룹,15000,473,4,469,0
9788992475747,181400713,AM OUTFITTING EQUIPMENT 활용,,20160107,컴원미디어(글로벌콘텐츠),16000,178,3,175,0
9791155921708,181400714,밤빛,,20160107,작가와비평(글로벌콘텐츠),10000,13,4,8,1
9791185650876,181400715,한국근대서사문학의근대성탐구,,20160108,글로벌콘텐츠출판그룹,17000,220,6,213,1
9788959964611,181400716,이상화 시의 기억공간,이상규 외,20160108,글로벌콘텐츠출판그룹,0,2,2,0,0
9788959965014,181400717,조선후기통신사행록의글쓰기담론,,20160115,경진(글로벌콘텐츠)(도서출판),18000,258,4,254,0
9788992576727,181400718,체질이란무엇인가,,20160115,세림출판(글로벌콘텐츠),15000,626,14,611,1
8012125263019,181400719,사회언어학 (23권 3호),,20160115,글로벌콘텐츠출판그룹,20000,8,8,0,0
9791158520823,181400720,easy learning english,우종현,20160120,글로벌콘텐츠출판그룹,14000,8,8,0,0
9788994626390,181400721,바람은불어도,,20160125,글모아출판(글로벌콘텐츠),15000,86,26,60,0
9791158520793,181400722,영어교육을알면영어가보인다,,20160125,글로벌콘텐츠출판그룹,15000,358,7,350,1
9791158520816,181400723,정확한영문법완벽한5형식,윤만근,20160129,글로벌콘텐츠출판그룹,27000,22,5,17,0
8012125263040,181400724,교양학연구 제1집,,20160129,글로벌콘텐츠출판그룹,20000,0,0,0,0
9791158520809,181400725,자료조직개론(문헌분류편),,20160204,글로벌콘텐츠출판그룹,18000,514,15,499,0
9791158520847,181400726,미디어이론1,,20160217,글로벌콘텐츠출판그룹,24000,393,24,369,0
9791158520854,181400727,미디어이론2,,20160217,글로벌콘텐츠출판그룹,28000,405,24,381,0
9791158520830,181400728,주식시장에서마음을다스리는10가지방법,,20160217,글로벌콘텐츠출판그룹,15000,413,7,403,3
9791155921715,181400729,언어의형상과성찰적상상력,,20160222,작가와비평(글로벌콘텐츠),15000,150,4,144,2
9791158520861,181400730,영어학습코칭이답이다(보라),,20160222,글로벌콘텐츠출판그룹,15000,295,31,222,42
9788959964956,181400731,국어교과교육론,서종훈,20160225,경진(글로벌콘텐츠)(도서출판),20000,157,4,141,12
9788992475754,181400732,(절판)데이터 분석과 저널리즘(2판),함형건,20160302,컴원미디어(글로벌콘텐츠),18000,27,1,26,0
9791158520779,181400733,읽기평가 1,김지홍,20160303,글로벌콘텐츠출판그룹,17000,394,3,388,3
9791158520786,181400734,읽기평가 2,김지홍,20160303,글로벌콘텐츠출판그룹,18000,396,3,392,1
9791158520878,181400735,NVivo 11,,20160304,글로벌콘텐츠출판그룹,13000,1,1,0,0
9788959965007,181400736,언어산출과정에대한학제적접근,김지홍,20160307,경진(글로벌콘텐츠)(도서출판),31000,48,1,47,0
9788994626406,181400737,Grammar Based English,,20160308,글모아출판(글로벌콘텐츠),12000,19,4,12,3
9791155921739,181400738,헤이그의왕자위종,,20160314,작가와비평(글로벌콘텐츠),14000,202,6,191,5
9791158520885,181400739,도서관경영론,,20160315,글로벌콘텐츠출판그룹,18000,149,3,139,7
9791155921722,181400740,우리시대의영웅,,20160318,작가와비평(글로벌콘텐츠),12000,136,4,132,0
9791158520908,181400741,독일문화오디세이,황윤영,20160321,글로벌콘텐츠출판그룹,15000,83,5,77,1
9791158520892,181400742,단군의나라 카자흐스탄(컬러판),,20160324,글로벌콘텐츠출판그룹,20000,1316,51,1260,5
9788959965021,181400743,속도의풍경,,20160325,경진(글로벌콘텐츠)(도서출판),15000,64,3,61,0
9791158520915,181400744,장자의길(개정),,20160329,글로벌콘텐츠출판그룹,20000,159,4,154,1
9788994626413,181400745,Through the Deductive Method Pastoral Theology,배광영,20160401,글모아출판(글로벌콘텐츠),12000,63,8,53,2
8012125263408,181400746,교양학연구 제2집,,20160401,글로벌콘텐츠출판그룹,20000,5,5,0,0
9772092504001,181400747,다문화콘텐츠연구 제19집(2015. 08.),,20160401,경진(글로벌콘텐츠)(도서출판),20000,4,4,0,0
9772092504001,181400748,다문화콘텐츠연구 제20집(2015.12),,20160401,경진(글로벌콘텐츠)(도서출판),20000,4,4,0,0
9771598960007,181400749,독서연구 2016년 제38호,,20160401,경진(글로벌콘텐츠)(도서출판),25000,0,0,0,0
9788994626420,181400750,뿌리민족의혼,,20160405,글모아출판(글로벌콘텐츠),20000,101,4,97,0
9791158520922,181400751,"얘들아,마실가자",,20160422,글로벌콘텐츠출판그룹,13800,508,61,444,3
9788959965038,181400752,조선후기한글유배일기연구,,20160427,경진(글로벌콘텐츠)(도서출판),17000,105,7,95,3
9791155921746,181400753,13월의시,,20160502,작가와비평(글로벌콘텐츠),12000,329,10,316,3
8012125263538,181400754,사회언어학 (24권 1호),,20160518,글로벌콘텐츠출판그룹,20000,7,7,0,0
9791158520861,181400755,영어학습코칭이답이다(주황),,20160530,글로벌콘텐츠출판그룹,15000,1016,17,999,0
9791158520953,181400756,도덕경(노자도덕경),,20160531,글로벌콘텐츠출판그룹,14000,361,9,352,0
9791158520960,181400757,우리당구장이라도해볼까,,20160601,글로벌콘텐츠출판그룹,15000,587,3,580,4
9791158521004,181400758,아라의당구홀릭4,,20160609,글로벌콘텐츠출판그룹,12800,155,11,119,25
9772092504001,181400759,다문화콘텐츠연구 제21집(2016. 04.),,20160613,경진(글로벌콘텐츠)(도서출판),20000,0,0,0,0
9791158521011,181400760,무지개(큰글한국문학선집031),,20160627,글로벌콘텐츠출판그룹,30000,11,1,10,0
9791158521028,181400761,흑방의선물(큰글한국문학선집032),,20160627,글로벌콘텐츠출판그룹,22000,8,1,7,0
9788959965069,181400762,국문독본,,20160628,경진(글로벌콘텐츠)(도서출판),14000,8,1,7,0
9788959965052,181400763,글과사진으로보는북한의사회와문화,정영선,20160628,경진(글로벌콘텐츠)(도서출판),23000,108,3,104,1
9788989191957,181400764,(절판)러시아가뛴다,백주현,20160629,경진(글로벌콘텐츠)(도서출판),12000,0,0,0,0
9791158521035,181400765,건달농부의신나는주말농장,,20160712,글로벌콘텐츠출판그룹,12000,73,6,66,1
8012125263620,181400766,자취요리백과,,20160718,글로벌콘텐츠출판그룹,0,10,10,0,0
9791155921821,181400767,터널,,20160722,작가와비평(글로벌콘텐츠),12800,521,32,446,43
9788959961801,181400768,소백산대관록화전가,,20160728,경진(글로벌콘텐츠)(도서출판),20000,17,4,13,0
9791158521059,181400769,맥(큰글한국문학선집034),,20160728,글로벌콘텐츠출판그룹,39000,11,1,6,4
9791158521042,181400770,자화상(큰글한국문학선집033),,20160728,글로벌콘텐츠출판그룹,22000,12,1,10,1
9791158521066,181400771,대마도의영토권,,20160801,글로벌콘텐츠출판그룹,15000,293,6,283,4
9791158521080,181400772,애인 상(큰글한국문학선집035),,20160803,글로벌콘텐츠출판그룹,40000,11,1,10,0
9791158521097,181400773,애인 하(큰글한국문학선집036),,20160803,글로벌콘텐츠출판그룹,40000,6,1,5,0
9788992576116,181400774,연역적으로 본 설교학,,20160812,글로벌콘텐츠출판그룹,12000,2,2,0,0
9788992576734,181400775,8체질식,,20160818,세림출판(글로벌콘텐츠),16000,139,34,100,5
8012125263682,181400776,환유의 세계 (인지문법적 관점에서 본),,20160818,글로벌콘텐츠출판그룹,12000,0,0,0,0
9788994626451,181400777,"국어의대명사,관형사,감탄사연구",,20160824,글모아출판(글로벌콘텐츠),8000,33,3,29,1
9788994626475,181400778,뿌리민족의혼2,,20160829,글모아출판(글로벌콘텐츠),17000,102,2,100,0
9791158521141,181400779,백조의곡(큰글문학선집037),,20160829,글로벌콘텐츠출판그룹,37000,7,1,6,0
9791158521158,181400780,마인(큰글한국문학선집038),,20160829,글로벌콘텐츠출판그룹,54000,6,1,5,0
9788959965144,181400781,논리적사고와글쓰기,,20160830,경진(글로벌콘텐츠)(도서출판),15000,1354,13,1341,0
9788959965151,181400782,한국역사속의문화적다양성,,20160831,경진(글로벌콘텐츠)(도서출판),17000,395,5,382,8
9791158521189,181400783,강릉관광중국어,,20160831,글로벌콘텐츠출판그룹,13000,410,5,403,2
9791155921845,181400784,사이비/흰색,,20160902,작가와비평(글로벌콘텐츠),21000,422,26,396,0
9791158521165,181400785,한자문화와선인들의지혜,,20160902,글로벌콘텐츠출판그룹,13000,327,2,322,3
9788959965137,181400786,외국인유학생을위한대학글쓰기,,20160907,경진(글로벌콘텐츠)(도서출판),11200,176,2,151,23
9791158521172,181400787,바우의꿈,,20160908,글로벌콘텐츠출판그룹,11800,484,6,478,0
9791155921852,181400788,딸과함께철학자의길을걷다,,20160912,작가와비평(글로벌콘텐츠),12000,349,17,324,8
9791158521219,181400789,논개의환생(큰글한국문학선집039),,20160912,글로벌콘텐츠출판그룹,35000,7,1,6,0
9791158521226,181400790,목숨(큰글한국문학선집040),,20160912,글로벌콘텐츠출판그룹,26000,7,1,5,1
8012125263767,181400791,교양학연구 제3집,,20160913,글로벌콘텐츠출판그룹,20000,0,0,0,0
8012125263774,181400792,사회언어학 (24권 2호),,20160913,글로벌콘텐츠출판그룹,20000,0,0,0,0
9772092504001,181400793,다문화콘텐츠 제22집,,20160926,경진(글로벌콘텐츠)(도서출판),20000,4,4,0,0
9791158521233,181400794,에너지시장의파워게임,,20160926,글로벌콘텐츠출판그룹,13800,603,18,580,5
9791158521196,181400795,청년아시아를상상하다,,20160928,글로벌콘텐츠출판그룹,12000,243,15,228,0
9788959965168,181400796,성남세고,"이동진, 이일우",20160928,경진(글로벌콘텐츠)(도서출판),32000,168,4,164,0
9791158521202,181400797,언어교육응용언어학사전,,20161005,글로벌콘텐츠출판그룹,32000,373,2,370,1
9771598960007,181400798,독서연구 2016년 39호,,20161020,경진(글로벌콘텐츠)(도서출판),25000,0,0,0,0
9771598960007,181400799,독서연구 2016년 40호,,20161020,경진(글로벌콘텐츠)(도서출판),25000,3,3,0,0
9788959965229,181400800,경남.부산지역문화연구4,,20161025,경진(글로벌콘텐츠)(도서출판),32000,211,3,205,3
9788994626482,181400801,은방울꽃(김시화자전에세이),,20161111,글모아출판(글로벌콘텐츠),15000,161,104,55,2
9788959965083,181400802,쉽게읽는월인석보서,,20161111,경진(글로벌콘텐츠)(도서출판),18000,24,21,3,0
9788959965175,181400803,표박기,이상정,20161115,경진(글로벌콘텐츠)(도서출판),50000,0,0,0,0
9791158521240,181400804,청년학도(01),,20161209,글로벌콘텐츠출판그룹,23000,55,18,37,0
9771598960007,181400805,독서연구 2016년 41호,,20161213,경진(글로벌콘텐츠)(도서출판),20000,4,4,0,0
9788992475785,181400806,AVEA Marine 12.1sp3 Drafting Geometry,,20161214,컴원미디어(글로벌콘텐츠),15000,32,3,15,14
9791158521257,181400807,학교도서관가이드라인,,20161221,글로벌콘텐츠출판그룹,23000,734,5,729,0
9788994626536,181400808,뿌리민족의혼3,,20161229,글모아출판(글로벌콘텐츠),17000,102,1,100,1
9791158521318,181400809,아라의당구홀릭 당구노트,,20170109,글로벌콘텐츠출판그룹,10000,1503,255,1242,6
9788994626543,181400810,외옹치의추억,,20170113,글모아출판(글로벌콘텐츠),12800,228,3,224,1
8012125264047,181400811,사회언어학 (24권 3호),,20170117,글로벌콘텐츠출판그룹,20000,2,2,0,0
9791155921944,181400812,허공의파편,,20170119,작가와비평(글로벌콘텐츠),12800,189,5,183,1
9788994626550,181400813,새롭게연구한국어학연구논문집,,20170201,글모아출판(글로벌콘텐츠),27000,26,6,19,1
9791158521332,181400814,아라의 당구홀릭5,,20170202,글로벌콘텐츠출판그룹,14000,1231,48,1175,8
9791155921951,181400815,어머니,,20170207,작가와비평(글로벌콘텐츠),12800,109,20,87,2
9791158521349,181400816,교열기자의오답노트,,20170213,글로벌콘텐츠출판그룹,18000,368,5,362,1
9791158521325,181400817,고급번역과영작연습,,20170213,글로벌콘텐츠출판그룹,15000,540,-3,543,0
9791158521370,181400818,움직임표현법1,,20170227,글로벌콘텐츠출판그룹,12000,176,6,170,0
9791158521387,181400819,움직임표현법2,,20170227,글로벌콘텐츠출판그룹,10000,196,3,192,1
9772092504001,181400820,다문화콘텐츠연구 제23집,,20170227,글로벌콘텐츠출판그룹,20000,4,4,0,0
9788959965304,181400821,다문화주의(세계화와혼혈),,20170306,경진(글로벌콘텐츠)(도서출판),15000,423,11,411,1
8012125264085,181400822,현장교육연구(제1집),,20170309,글로벌콘텐츠출판그룹,0,4,4,0,0
9791158521356,181400823,바다와섬의인문학,,20170309,글로벌콘텐츠출판그룹,12000,194,-6,192,8
8012125264108,181400824,교양학연구 제4집,,20170310,글로벌콘텐츠출판그룹,20000,5,5,0,0
9788959965311,181400825,고전서사와문화콘텐츠스토리텔링,,20170315,경진(글로벌콘텐츠)(도서출판),14000,238,53,181,4
9788959965328,181400826,북한에서여자로산다는것,,20170321,경진(글로벌콘텐츠)(도서출판),12000,225,4,219,2
9791155921975,181400827,대마도의눈물,,20170321,작가와비평(글로벌콘텐츠),13800,312,11,298,3
9788959965090,181400828,쉽게읽는월인석보1,,20170323,경진(글로벌콘텐츠)(도서출판),18000,26,0,26,0
9788959965106,181400829,쉽게읽는월인석보2,,20170323,경진(글로벌콘텐츠)(도서출판),28000,5,0,5,0
9791155921968,181400830,지하로부터의수기,,20170328,작가와비평(글로벌콘텐츠),12000,157,6,148,3
9788959965335,181400831,21년간국어학기출문제해설서,,20170410,경진(글로벌콘텐츠)(도서출판),22000,330,10,316,4
9791155921982,181400832,전사들과이순신 3권대망,,20170418,작가와비평(글로벌콘텐츠),15000,48,12,32,4
8012125264306,181400833,사회언어학 (25권 1호),,20170420,글로벌콘텐츠출판그룹,20000,0,0,0,0
9788959965359,181400834,선현유음(상)개정판,,20170424,경진(글로벌콘텐츠)(도서출판),25000,11,4,6,1
9788959965366,181400835,선현유음(하)개정판,,20170424,경진(글로벌콘텐츠)(도서출판),31000,11,2,8,1
9791158521394,181400836,객관식정보서비스론,,20170425,글로벌콘텐츠출판그룹,16000,498,6,490,2
9788992576789,181400837,성격체질행복체질,,20170425,세림출판(글로벌콘텐츠),18000,152,4,148,0
9788993908657,181400838,아라의 당구홀릭1(정가인상),,20170502,글로벌콘텐츠출판그룹,14000,635,8,626,1
9791158521400,181400839,학교도서관가이드라인(글로벌응용사례),,20170502,글로벌콘텐츠출판그룹,24000,489,4,485,0
9791158521417,181400840,객관식자료조직론,,20170502,글로벌콘텐츠출판그룹,18000,431,8,411,12
9788959965373,181400841,동아시아이주민사회와문화적응,,20170510,경진(글로벌콘텐츠)(도서출판),16000,235,2,232,1
9788959965380,181400842,19세기한문중단편소설의세계,,20170526,경진(글로벌콘텐츠)(도서출판),18000,230,3,216,11
9771598960007,181400843,독서연구 2017년 42호,,20170526,경진(글로벌콘텐츠)(도서출판),20000,0,0,0,0
9791158521431,181400844,노오븐디저트,,20170607,글로벌콘텐츠출판그룹,15000,321,24,291,6
9791158521424,181400845,체험활동이아이의미래를좌우한다,,20170613,글로벌콘텐츠출판그룹,15800,705,11,689,5
9788992576796,181400846,위기돌파럭비리더십,,20170614,세림출판(글로벌콘텐츠),14000,910,15,893,2
9788993908916,181400847,아라의 당구홀릭2(정가인상),아라 ＆ 폴,20170626,글로벌콘텐츠출판그룹,14000,61,-2,62,1
9791185650869,181400848,아라의 당구홀릭3(정가인상),아라 & 폴,20170626,글로벌콘텐츠출판그룹,14000,784,18,766,0
9791158521004,181400849,아라의 당구홀릭4(정가인상),,20170626,글로벌콘텐츠출판그룹,14000,693,9,679,5
9788994626567,181400850,뿌리민족의혼4,,20170703,글모아출판(글로벌콘텐츠),17000,133,4,101,28
9788959965410,181400851,근대계몽기학술잡지의학문분야별자료(권2),,20170705,경진(글로벌콘텐츠)(도서출판),24500,10,2,8,0
9788959965403,181400852,근대계몽기학술잡지의학문분야별자료(권1),,20170705,경진(글로벌콘텐츠)(도서출판),25000,5,2,3,0
9788959965465,181400853,근대계몽기학술잡지의학문분야별자료(권7),,20170705,경진(글로벌콘텐츠)(도서출판),23000,11,2,9,0
9788959965458,181400854,근대계몽기학술잡지의학문분야별자료(권6),,20170705,경진(글로벌콘텐츠)(도서출판),29000,9,2,7,0
9788959965441,181400855,근대계몽기학술잡지의학문분야별자료(권5),,20170705,경진(글로벌콘텐츠)(도서출판),23000,8,1,7,0
9788959965427,181400856,근대계몽기학술잡지의학문분야별자료(권3),,20170706,경진(글로벌콘텐츠)(도서출판),19500,8,2,6,0
9788959965434,181400857,근대계몽기학술잡지의학문분야별자료(권4),,20170706,경진(글로벌콘텐츠)(도서출판),25000,9,2,7,0
9788959965472,181400858,근대계몽기학술잡지의학문분야별자료(권8),,20170706,경진(글로벌콘텐츠)(도서출판),21000,10,2,8,0
9788959965489,181400859,근대계몽기학술잡지의학문분야별자료(권9),,20170706,경진(글로벌콘텐츠)(도서출판),16000,7,2,5,0
9788992576819,181400860,15분기적의코어운동,,20170710,세림출판(글로벌콘텐츠),15800,555,8,547,0
8012125264573,181400861,사회언어학 (25권 2호),,20170720,글로벌콘텐츠출판그룹,20000,2,2,0,0
9791155922071,181400862,사랑과지혜의향기,,20170721,작가와비평(글로벌콘텐츠),15000,206,2,189,15
9791158521516,181400863,신산서원지,,20170724,글로벌콘텐츠출판그룹,24000,128,4,123,1
9791158521509,181400864,용암서원지,,20170724,글로벌콘텐츠출판그룹,21000,140,4,135,1
9791158521493,181400865,덕천서원지,,20170724,글로벌콘텐츠출판그룹,49000,137,4,132,1
9788959965496,181400866,소남이일우와우현서루,,20170724,경진(글로벌콘텐츠)(도서출판),20000,35,3,30,2
9791158521530,181400867,한국의개(토종개에대한불편한진실),,20170725,글로벌콘텐츠출판그룹,13800,411,6,404,1
9788992475792,181400868,빅데이터처리와통계분석(변정한외1),,20170725,컴원미디어(글로벌콘텐츠),18000,809,7,801,1
9791158521561,181400869,고조선논쟁과한국민주주의,,20170801,글로벌콘텐츠출판그룹,15800,837,79,751,7
9791155922088,181400870,투게더우리함께,,20170801,작가와비평(글로벌콘텐츠),12800,256,49,206,1
9791158521547,181400871,"영어,너정말이러기냐!",,20170814,글로벌콘텐츠출판그룹,13800,718,22,696,0
9791158521578,181400872,문화민주주의(곽정연외2인),,20170814,글로벌콘텐츠출판그룹,15000,214,10,203,1
9788959965502,181400873,외국인유학생을위한한국현대문학,이미란조은숙,20170829,경진(글로벌콘텐츠)(도서출판),14000,3,1,0,2
9788959965519,181400874,현대국어의미의이해,나연찬,20170831,경진(글로벌콘텐츠)(도서출판),16000,2,2,0,0
9791158521554,181400875,동아시아의문자와책,,20170911,글로벌콘텐츠출판그룹,14000,170,4,154,12
9791155922101,181400876,딸콩이,,20170919,작가와비평(글로벌콘텐츠),12000,163,14,135,14
9771598960007,181400877,독서연구 2017년 43호,한국독서학회,20170921,경진(글로벌콘텐츠)(도서출판),20000,2,2,0,0
9771598960007,181400878,독서연구 2017년 44호,한국독서학회,20170831,경진(글로벌콘텐츠)(도서출판),20000,3,3,0,0
9788994626598,181400879,국어부사분류,,20170927,글모아출판(글로벌콘텐츠),42000,19,4,13,2
9788994626581,181400880,군과 교단에서의 40년,,20170928,글모아출판(글로벌콘텐츠),15000,126,4,112,10
9791158521646,181400881,아시아평화를상상하다,,20170928,글로벌콘텐츠출판그룹,13000,154,2,147,5
9791158521622,181400882,동아시아한국학의발자취,,20171016,글로벌콘텐츠출판그룹,12000,193,2,175,16
9791158521615,181400883,동아시아고전산책,,20171016,글로벌콘텐츠출판그룹,12000,185,2,159,24
9791158521639,181400884,쓰기평가,,20171019,글로벌콘텐츠출판그룹,20000,100,15,73,12
8012125264771,181400885,사회언어학 (25권 3호),,20171025,글로벌콘텐츠출판그룹,20000,1,1,0,0
9791158521653,181400886,마음으로연주하는색소폰교본,,20171107,글로벌콘텐츠출판그룹,15000,784,14,770,0
9788959965526,181400887,주해악학습령,,20171108,경진(글로벌콘텐츠)(도서출판),49000,162,3,158,1
9788989191971,181400888,무역실무영어,,20171109,경진(글로벌콘텐츠)(도서출판),12000,1,0,1,0
8012125264832,181400889,교양학연구 제5집,박경하,20171113,글로벌콘텐츠출판그룹,20000,2,2,0,0
9791155922118,181400890,"지역인문학(경남,부산따져읽기)",박태일,20171116,작가와비평(글로벌콘텐츠),18000,254,4,250,0
9788959965557,181400891,1920~1930년대기행문의변화1,,20171120,경진(글로벌콘텐츠)(도서출판),39000,14,3,11,0
9788959965564,181400892,1920~1930년대기행문의변화2,,20171120,경진(글로벌콘텐츠)(도서출판),22500,15,3,12,0
9788959965571,181400893,1920~1930년대기행문의변화3,,20171120,경진(글로벌콘텐츠)(도서출판),27000,14,3,11,0
9788959965540,181400894,근대적기행담론과계몽의식(1900~1910년대),,20171120,경진(글로벌콘텐츠)(도서출판),34500,13,3,10,0
9791158521677,181400895,인도의사회적취약층과우대정책,,20171123,글로벌콘텐츠출판그룹,13800,89,3,85,1
9791158521660,181400896,쓰기지도와쓰기연구의방법,,20171123,글로벌콘텐츠출판그룹,23000,215,3,209,3
9771598960007,181400897,독서연구 2017년 45호,한국독서학회,20171130,경진(글로벌콘텐츠)(도서출판),20000,2,2,0,0
9788992475808,181400898,AM OUTFITTING EQUIPMENT 실습,이창근,20171222,컴원미디어(글로벌콘텐츠),15000,44,5,37,2
9788994626611,181400899,국어형용사분류,김승곤,20171228,글모아출판(글로벌콘텐츠),24000,20,2,17,1
9791155922132,181400900,이방인의어린시절,,20171228,작가와비평(글로벌콘텐츠),14000,967,20,905,42
9788959965595,181400901,뉴미디어영화론,김무규,20171228,경진(글로벌콘텐츠)(도서출판),20000,312,13,298,1
9788959965588,181400902,거시구조,,20180102,경진(글로벌콘텐츠)(도서출판),27000,219,2,214,3
9788959965618,181400903,직서기언,이상규,20180102,경진(글로벌콘텐츠)(도서출판),15000,371,8,363,0
9791155922125,181400904,들켰으면,,20180102,작가와비평(글로벌콘텐츠),10000,106,16,78,12
9772092504001,181400905,다문화콘텐츠연구 제24집,이찬욱,20170430,경진(글로벌콘텐츠)(도서출판),20000,0,0,0,0
9772092504001,181400906,다문화콘텐츠연구 제25집,이찬욱,20170831,경진(글로벌콘텐츠)(도서출판),20000,0,0,0,0
8012125265013,181400907,사회언어학 (25권 4호),김규현,20171231,글로벌콘텐츠출판그룹,20000,8,8,0,0
9788959965625,181400908,담화와사회변화,,20180119,경진(글로벌콘텐츠)(도서출판),33000,204,2,197,5
9791158521714,181400909,goodwin and guze의 이상행동의이해와분류,,20180125,글로벌콘텐츠출판그룹,20000,363,7,356,0
9772092504001,181400910,다문화콘텐츠연구 제26집,,20171231,경진(글로벌콘텐츠)(도서출판),20000,0,0,0,0
8012125265020,181400911,교양학연구 제6집,,20171231,글로벌콘텐츠출판그룹,20000,4,4,0,0
9791158521691,181400912,당구장창업했어요,,20180126,글로벌콘텐츠출판그룹,15000,782,14,767,1
9788959965663,181400913,쉽게읽는석보상절9,,20180130,경진(글로벌콘텐츠)(도서출판),18000,38,6,32,0
9788959965649,181400914,쉽게읽는석보상절3,나찬연,20180130,경진(글로벌콘텐츠)(도서출판),18000,34,6,28,0
9788959965656,181400915,쉽게읽는석보상절6,나찬연,20180130,경진(글로벌콘텐츠)(도서출판),19000,29,6,23,0
9788959965687,181400916,북한의체육정책과체육문화,김동선외1,20180208,경진(글로벌콘텐츠)(도서출판),15000,124,13,111,0
9791158521707,181400917,채근담,,20180209,글로벌콘텐츠출판그룹,18000,367,2,363,2
9791155921999,181400918,김홍도작품선,,20180213,작가와비평(글로벌콘텐츠),190000,5,-4,9,0
9791155922163,181400919,산정을바라보면서,이명재,20180219,작가와비평(글로벌콘텐츠),16000,243,44,197,2
8012125264085,181400920,현장교육연구(제2집),고상숙,20171231,글로벌콘텐츠출판그룹,10000,0,0,0,0
9791155922156,181400921,현대문학으로읽는인문학키워드12,김정남,20180302,작가와비평(글로벌콘텐츠),9800,425,12,410,3
9788959965670,181400922,치유의글쓰기,,20180305,경진(글로벌콘텐츠)(도서출판),16000,192,2,188,2
9791155922170,181400923,유성의시간,김제철,20180307,작가와비평(글로벌콘텐츠),14000,174,6,168,0
9791155922132,181400924,[폐기]이방인의어린시절(21페이지'동전'),,20180312,작가와비평(글로벌콘텐츠),14000,0,0,0,0
9791158521752,181400925,시골황서방(큰글한국문학선집042),,20180315,글로벌콘텐츠출판그룹,17500,8,2,6,0
9791158521783,181400926,생명의과실(큰글한국문학선집045),,20180315,글로벌콘텐츠출판그룹,21000,17,2,15,0
9791158521769,181400927,좌평성충(큰글한국문학선집043),,20180315,글로벌콘텐츠출판그룹,35000,14,2,12,0
9791158521776,181400928,편주의가는곳(큰글한국문학선집044),,20180315,글로벌콘텐츠출판그룹,31000,14,2,12,0
9791158521745,181400929,박첨지의죽음(큰글한국문학선집041),,20180315,글로벌콘텐츠출판그룹,19000,9,2,7,0
9788994626635,181400930,국어조사연구,김승곤,20180319,글모아출판(글로벌콘텐츠),29000,21,2,19,0
9788959965694,181400931,국어형태론,김승곤,20180319,경진(글로벌콘텐츠)(도서출판),40000,11,3,8,0
9791155922187,181400932,땅콩집이야기8899,,20180328,작가와비평(글로벌콘텐츠),15000,123,11,112,0
9791158521646,181400933,아시아평화를상상하다(12000),,20180331,글로벌콘텐츠출판그룹,12000,5,0,5,0
9791158521806,181400934,처녀의화환(큰글한국문학전집047),,20180404,글로벌콘텐츠출판그룹,12000,16,2,14,0
9791158521790,181400935,무상(큰글한국문학선집046),,20180404,글로벌콘텐츠출판그룹,12000,13,2,11,0
9788994626642,181400936,국어때매김연구,김승곤,20180405,글모아출판(글로벌콘텐츠),13000,7,2,5,0
9791155922194,181400937,달의계곡,,20180412,작가와비평(글로벌콘텐츠),13800,28,21,7,0
9788959965700,181400938,주해유몽천자,,20180416,경진(글로벌콘텐츠)(도서출판),43000,23,6,17,0
9791158521820,181400939,목마와숙녀(큰글한국문학선집049),,20180418,글로벌콘텐츠출판그룹,22000,15,2,13,0
9791158521837,181400940,종(큰글한국문학선집050),,20180418,글로벌콘텐츠출판그룹,22000,18,2,16,0
9791158521813,181400941,떠나가는배(큰글한국문학선집048),,20180418,글로벌콘텐츠출판그룹,15000,14,2,12,0
9791158521844,181400942,NVivo 12,,20180516,글로벌콘텐츠출판그룹,15000,249,4,245,0
9788959965724,181400943,시대의창,김경남,20180516,경진(글로벌콘텐츠)(도서출판),26000,70,2,68,0
9788992475815,181400944,데이터 분석과 저널리즘(3판),함형건,20180524,컴원미디어(글로벌콘텐츠),18000,909,7,902,0
9788994626666,181400945,문법적으로쉽게풀어쓴대학중용,,20180525,글모아출판(글로벌콘텐츠),16000,44,2,42,0
9788959965717,181400946,북으로간미술사가와미술비평가들,홍지석,20180601,경진(글로벌콘텐츠)(도서출판),27000,174,9,165,0
9788994626673,181400947,국어의향법연구,김승곤,20180605,글모아출판(글로벌콘텐츠),14000,20,3,17,0
9788994626659,181400948,뿌리민족의혼5,오경,20180605,글모아출판(글로벌콘텐츠),18000,85,2,83,0
9772092504001,181400949,다문화콘텐츠연구 제27집,이찬욱,20180430,경진(글로벌콘텐츠)(도서출판),20000,0,0,0,0
8012125265327,181400950,프랑스어 3군 동사연습&의학 프랑스어,,20180615,글모아출판(글로벌콘텐츠),10000,1,1,0,0
8012125265334,181400951,cours de francais pour Debutants,,20180615,글모아출판(글로벌콘텐츠),10000,1,1,0,0
9788994626703,181400952,음성학,김승곤,20180618,글모아출판(글로벌콘텐츠),22000,25,2,23,0
9788992576840,181400953,역동성프레밍,,20180621,세림출판(글로벌콘텐츠),15000,772,39,733,0
9791155922200,181400954,클로르프로마진,,20180625,작가와비평(글로벌콘텐츠),13800,489,61,428,0
9788994626710,181400955,조사이/가와은/는연구,김승곤,20180625,글모아출판(글로벌콘텐츠),16000,11,2,9,0
9788959965762,181400956,맑스마르크스마륵스,,20180703,경진(글로벌콘텐츠)(도서출판),14000,206,4,202,0
9788994626734,181400957,국어연결어미연구,김승곤,20180716,글모아출판(글로벌콘텐츠),15000,9,4,5,0
9788994626727,181400958,한국어의기원,김승곤,20180716,글모아출판(글로벌콘텐츠),27000,6,4,2,0
9788959965779,181400959,고등소학독본3,,20180717,경진(글로벌콘텐츠)(도서출판),17000,99,2,97,0
9788994626741,181400960,국어의존명사연구,김승곤,20180719,글모아출판(글로벌콘텐츠),11200,17,4,13,0
8012125265402,181400961,교양학연구 제7집,박경하,20180630,글로벌콘텐츠출판그룹,20000,2,2,0,0
9791158521936,181400962,탁류(큰글문학선집053-2),,20180730,글로벌콘텐츠출판그룹,28000,8,2,6,0
9791158521929,181400963,탁류(큰글문학선집053-1),,20180730,글로벌콘텐츠출판그룹,24000,8,2,6,0
9791158521943,181400964,탁류(큰글문학선집053-3),,20180730,글로벌콘텐츠출판그룹,20000,9,2,7,0
8012125265419,181400965,사회언어학 (26권 1호),김규현,20180331,글로벌콘텐츠출판그룹,20000,2,2,0,0
9791158521905,181400966,어린이(큰글문학선집052),,20180730,글로벌콘텐츠출판그룹,22000,3,2,1,0
8012125265426,181400967,사회언어학 (26권 2호),김규현,20180630,글로벌콘텐츠출판그룹,20000,2,2,0,0
9791158521899,181400968,노변의애가(큰글문학선집051),,20180730,글로벌콘텐츠출판그룹,13000,7,2,5,0
9788959965793,181400969,학교문법의이해1(제2판),,20180816,경진(글로벌콘텐츠)(도서출판),22000,557,3,554,0
9788959965809,181400970,학교문법의이해2(제2판),,20180816,경진(글로벌콘텐츠)(도서출판),22000,443,-4,447,0
9788959965755,181400971,한국문화그리고문화적혼종성,,20180823,경진(글로벌콘텐츠)(도서출판),13500,259,4,255,0
9788994626758,181400972,Practical English,,20180823,글모아출판(글로벌콘텐츠),13000,207,5,202,0
9791155922231,181400973,신윤복작품선,,20180905,작가와비평(글로벌콘텐츠),40000,65,7,58,0
9788992475822,181400974,오라클11g와함께하는SQL과PL/SQL(개정판),,20180907,컴원미디어(글로벌콘텐츠),25000,462,7,455,0
9791158522148,181400975,단종애사-고명편.실국편(큰글한국문학선집054-1),,20180917,글로벌콘텐츠출판그룹,38000,30,0,30,0
9791158522155,181400976,단종애사-충의편.혈루편(큰글한국문학선집054-2),,20180917,글로벌콘텐츠출판그룹,26000,30,0,30,0
9791158522179,181400977,상록수 1(큰글한국문학선집055-1),,20180917,글로벌콘텐츠출판그룹,22000,30,0,30,0
9791158522186,181400978,상록수 2(큰글한국문학선집055-2),,20180917,글로벌콘텐츠출판그룹,23000,30,0,30,0
9791158522193,181400979,붉은기(큰글한국문학선집056),,20180919,글로벌콘텐츠출판그룹,45000,30,0,30,0
